אתר,כתובת,כותרת,מדור,סוג תוכן,עומק,הערה
גרינגו,https://gringo.co.il/lt/1538,"אובטובה, ברזיל – חופים ואטרקציות מומלצות",lt,אטרקציות ופעילויות,מהותי,
גרינגו,https://gringo.co.il/lt/1559,אוסורנו והפארק הלאומי פויוה,lt,אטרקציות ופעילויות,מהותי,
גרינגו,https://gringo.co.il/lt/911,אטרקציות,lt,אטרקציות ופעילויות,מהותי,
גרינגו,https://gringo.co.il/lt/692,אטרקציות באזור דויד,lt,אטרקציות ופעילויות,מהותי,
גרינגו,https://gringo.co.il/lt/524,אטרקציות באזור פוארטו מונט,lt,אטרקציות ופעילויות,מהותי,
גרינגו,https://gringo.co.il/lt/2120,אטרקציות באי איזבלה,lt,אטרקציות ופעילויות,מהותי,
גרינגו,https://gringo.co.il/lt/2114,אטרקציות באי סנטה קרוז,lt,אטרקציות ופעילויות,מהותי,
גרינגו,https://gringo.co.il/lt/1125,אטרקציות באל ואייה דה אנטון,lt,אטרקציות ופעילויות,מהותי,
גרינגו,https://gringo.co.il/lt/2149,אטרקציות באל פניון,lt,אטרקציות ופעילויות,מהותי,
גרינגו,https://gringo.co.il/lt/1185,אטרקציות באל פרדון,lt,אטרקציות ופעילויות,מהותי,
גרינגו,https://gringo.co.il/lt/654,אטרקציות באל רמאטה,lt,אטרקציות ופעילויות,מהותי,
גרינגו,https://gringo.co.il/lt/152,אטרקציות בבואנוס איירס 🪂,lt,אטרקציות ופעילויות,מהותי,
גרינגו,https://gringo.co.il/lt/683,אטרקציות בבוקטה,lt,אטרקציות ופעילויות,מהותי,
גרינגו,https://gringo.co.il/lt/1059,אטרקציות בגוודלחרה,lt,אטרקציות ופעילויות,מהותי,
גרינגו,https://gringo.co.il/lt/606,אטרקציות בואלפראיסו,lt,אטרקציות ופעילויות,מהותי,
גרינגו,https://gringo.co.il/lt/652,אטרקציות בוואוואטנאנגו,lt,אטרקציות ופעילויות,מהותי,
גרינגו,https://gringo.co.il/lt/896,אטרקציות בטסקו,lt,אטרקציות ופעילויות,מהותי,
גרינגו,https://gringo.co.il/lt/435,אטרקציות בלה סרנה,lt,אטרקציות ופעילויות,מהותי,
גרינגו,https://gringo.co.il/lt/2137,אטרקציות בלה פלומה ולה פדררה,lt,אטרקציות ופעילויות,מהותי,
גרינגו,https://gringo.co.il/lt/924,אטרקציות במזונטה,lt,אטרקציות ופעילויות,מהותי,
גרינגו,https://gringo.co.il/lt/1051,אטרקציות במזטלן,lt,אטרקציות ופעילויות,מהותי,
גרינגו,https://gringo.co.il/lt/940,אטרקציות במרידה,lt,אטרקציות ופעילויות,מהותי,
גרינגו,https://gringo.co.il/lt/642,אטרקציות בסן מרקוס,lt,אטרקציות ופעילויות,מהותי,
גרינגו,https://gringo.co.il/lt/310,אטרקציות בסן פדרו דה אטקאמה,lt,אטרקציות ופעילויות,מהותי,
גרינגו,https://gringo.co.il/lt/2062,אטרקציות בסנטה קטלינה,lt,אטרקציות ופעילויות,מהותי,
גרינגו,https://gringo.co.il/lt/538,אטרקציות בפוארטו ואראס,lt,אטרקציות ופעילויות,מהותי,
גרינגו,https://gringo.co.il/lt/440,אטרקציות בפונטה ארנס,lt,אטרקציות ופעילויות,מהותי,
גרינגו,https://gringo.co.il/lt/196,אטרקציות בפיסקו,lt,אטרקציות ופעילויות,מהותי,
גרינגו,https://gringo.co.il/lt/831,אטרקציות בפלנקה,lt,אטרקציות ופעילויות,מהותי,
גרינגו,https://gringo.co.il/lt/423,אטרקציות בצ'איטן,lt,אטרקציות ופעילויות,מהותי,
גרינגו,https://gringo.co.il/lt/2025,אטרקציות בצ'ילה צ'יקו,lt,אטרקציות ופעילויות,מהותי,
גרינגו,https://gringo.co.il/lt/1035,אטרקציות בקאבו,lt,אטרקציות ופעילויות,מהותי,
גרינגו,https://gringo.co.il/lt/769,אטרקציות בקופאן רואינאס,lt,אטרקציות ופעילויות,מהותי,
גרינגו,https://gringo.co.il/lt/518,אטרקציות בקוצ'במבה,lt,אטרקציות ופעילויות,מהותי,
גרינגו,https://gringo.co.il/lt/976,אטרקציות בקיי קולקר,lt,אטרקציות ופעילויות,מהותי,
גרינגו,https://gringo.co.il/lt/548,אטרקציות וסיורים בטורטוגרו,lt,אטרקציות ופעילויות,מהותי,
גרינגו,https://gringo.co.il/lt/2206,אטרקציות חובה במקסיקו,lt,אטרקציות ופעילויות,מהותי,
גרינגו,https://gringo.co.il/lt/627,אטרקציות מומלצות באנטיגואה,lt,אטרקציות ופעילויות,מהותי,
גרינגו,https://gringo.co.il/lt/1325,אטרקציות מומלצות בקוסקו,lt,אטרקציות ופעילויות,מהותי,
גרינגו,https://gringo.co.il/lt/352,אטרקציות נוספות בטופיזה,lt,אטרקציות ופעילויות,מהותי,
גרינגו,https://gringo.co.il/lt/1424,"איליה גרנדה, ברזיל - חוף לופז מנדס ואטרקציות באי",lt,אטרקציות ופעילויות,מהותי,
גרינגו,https://gringo.co.il/lt/1350,"אריאל דה אג'ודה, ברזיל - חופים, אטרקציות והמלצות",lt,אטרקציות ופעילויות,מהותי,
גרינגו,https://gringo.co.il/lt/1452,באניוס – בירת האטרקציות של אקוודור,lt,אטרקציות ופעילויות,מהותי,
גרינגו,https://gringo.co.il/lt/1463,"בוגוטה, קולומביה – מפת המלצות, אטרקציות, חיי לילה וקזינואים",lt,אטרקציות ופעילויות,מהותי,
גרינגו,https://gringo.co.il/lt/2231,בתי ספר לגלישה מומלצים בתמרינדו,lt,אטרקציות ופעילויות,מהותי,
גרינגו,https://gringo.co.il/lt/1411,"הוארז - בירת הטרקים של פרו, וואי וואש, לגונה 69 ועוד",lt,אטרקציות ופעילויות,מהותי,
גרינגו,https://gringo.co.il/text/242,הוארז בירת הטרקים של פרו,text,אטרקציות ופעילויות,מהותי,
גרינגו,https://gringo.co.il/lt/1856,המלצות לטרק העיר האבודה,lt,אטרקציות ופעילויות,מהותי,
גרינגו,https://gringo.co.il/lt/1943,הפארק הלאומי אל קוקוי,lt,אטרקציות ופעילויות,מהותי,
גרינגו,https://gringo.co.il/lt/2057,הפארק הלאומי במפרץ צ'יריקי,lt,אטרקציות ופעילויות,מהותי,
גרינגו,https://gringo.co.il/lt/300,הפארק הלאומי טורו טורו,lt,אטרקציות ופעילויות,מהותי,
גרינגו,https://gringo.co.il/lt/455,הפארק הלאומי טורס דל פיינה,lt,אטרקציות ופעילויות,מהותי,
גרינגו,https://gringo.co.il/lt/533,הפארק הלאומי לוס אלרסס,lt,אטרקציות ופעילויות,מהותי,
גרינגו,https://gringo.co.il/lt/305,הפארק הלאומי מאדידי,lt,אטרקציות ופעילויות,מהותי,
גרינגו,https://gringo.co.il/text/627,טיול לאנטרקטיקה - סיפור דרך של סאם הנסליין,text,אטרקציות ופעילויות,מהותי,
גרינגו,https://gringo.co.il/text/324,טרק הואיינה פוטוסי 6088 מטר - סיפור דרך,text,אטרקציות ופעילויות,מהותי,
גרינגו,https://gringo.co.il/text/280,טרק הוואי וואש - סיפור דרך,text,אטרקציות ופעילויות,מהותי,
גרינגו,https://gringo.co.il/lt/289,טרק הכפרים - סיפור דרך,lt,אטרקציות ופעילויות,מהותי,
גרינגו,https://gringo.co.il/lt/484,טרק הלגונה דה לוס קונדורס,lt,אטרקציות ופעילויות,מהותי,
גרינגו,https://gringo.co.il/text/523,טרק הסלקנטאי עצמאי למאצ’ו פיצ’ו - סיפור דרך,text,אטרקציות ופעילויות,מהותי,
גרינגו,https://gringo.co.il/lt/1458,טרק העיר האבודה,lt,אטרקציות ופעילויות,מהותי,
גרינגו,https://gringo.co.il/text/519,טרק הצ'וקקיראו באזור קוסקו - סיפור דרך,text,אטרקציות ופעילויות,מהותי,
גרינגו,https://gringo.co.il/text/427,טרק טורס דל פיינה - סיפור דרך של אורית נאמן,text,אטרקציות ופעילויות,מהותי,
גרינגו,https://gringo.co.il/text/581,טרק לארס למאצ'ו פיצ'ו - אריאל עטרי,text,אטרקציות ופעילויות,מהותי,
גרינגו,https://gringo.co.il/lt/1869,טרק נאוול וואפי טרברס,lt,אטרקציות ופעילויות,מהותי,
גרינגו,https://gringo.co.il/lt/1970,טרק סובב אזנגטה - 3 ימים,lt,אטרקציות ופעילויות,מהותי,
גרינגו,https://gringo.co.il/lt/1979,טרק סובב אזנגטה - 4 ימים,lt,אטרקציות ופעילויות,מהותי,
גרינגו,https://gringo.co.il/text/492,טרק סובב אלפמיו - סיפור דרך,text,אטרקציות ופעילויות,מהותי,
גרינגו,https://gringo.co.il/text/416,טרק סרו קסטיו - סיפור דרך,text,אטרקציות ופעילויות,מהותי,
גרינגו,https://gringo.co.il/text/650,טרק פאסו דל ויינטו (מעבר הרוחות) - סיפור דרך,text,אטרקציות ופעילויות,מהותי,
גרינגו,https://gringo.co.il/text/525,טרק קניון הקולקה - סיפור דרך,text,אטרקציות ופעילויות,מהותי,
גרינגו,https://gringo.co.il/text/469,טרק קרוס דה לוס מארס - סיפור דרך,text,אטרקציות ופעילויות,מהותי,
גרינגו,https://gringo.co.il/lt/2200,טרקים מומלצים בקולומביה,lt,אטרקציות ופעילויות,מהותי,
גרינגו,https://gringo.co.il/lt/202,טרקים מומלצים בקוסקו,lt,אטרקציות ופעילויות,מהותי,
גרינגו,https://gringo.co.il/lt/185,לאן יוצאים בבוזיוס,lt,אטרקציות ופעילויות,מהותי,
גרינגו,https://gringo.co.il/lt/1410,"לימה, פרו - מפת המלצות, קניות, חיי לילה, אטרקציות וסיורים",lt,אטרקציות ופעילויות,מהותי,
גרינגו,https://gringo.co.il/lt/2109,מה לעשות באי סן קריסטובל?,lt,אטרקציות ופעילויות,מהותי,
גרינגו,https://gringo.co.il/lt/599,מה לעשות בארקיפה?,lt,אטרקציות ופעילויות,מהותי,
גרינגו,https://gringo.co.il/lt/468,מה לעשות בטרוחיו?,lt,אטרקציות ופעילויות,מהותי,
גרינגו,https://gringo.co.il/lt/1056,מה לעשות בלה פאס?,lt,אטרקציות ופעילויות,מהותי,
גרינגו,https://gringo.co.il/lt/2128,מה לעשות בפונטה דל אסטה?,lt,אטרקציות ופעילויות,מהותי,
גרינגו,https://gringo.co.il/lt/1098,מה לעשות בפונטה דל דיאבלו?,lt,אטרקציות ופעילויות,מהותי,
גרינגו,https://gringo.co.il/lt/1238,מה לעשות בפיריאפוליס,lt,אטרקציות ופעילויות,מהותי,
גרינגו,https://gringo.co.il/lt/668,מה לעשות בפנחצ'ל?,lt,אטרקציות ופעילויות,מהותי,
גרינגו,https://gringo.co.il/lt/601,מה לעשות בקאבו פולוניו?,lt,אטרקציות ופעילויות,מהותי,
גרינגו,https://gringo.co.il/lt/661,מה לעשות בשֶלָה?,lt,אטרקציות ופעילויות,מהותי,
גרינגו,https://gringo.co.il/lt/2221,מה עושים באוביטה?,lt,אטרקציות ופעילויות,מהותי,
גרינגו,https://gringo.co.il/lt/723,מה עושים באומטפה?,lt,אטרקציות ופעילויות,מהותי,
גרינגו,https://gringo.co.il/lt/1958,מה עושים באורובמבה?,lt,אטרקציות ופעילויות,מהותי,
גרינגו,https://gringo.co.il/lt/370,מה עושים באושואיה?,lt,אטרקציות ופעילויות,מהותי,
גרינגו,https://gringo.co.il/lt/1236,מה עושים באיליה בלה,lt,אטרקציות ופעילויות,מהותי,
גרינגו,https://gringo.co.il/lt/698,מה עושים באסטלי?,lt,אטרקציות ופעילויות,מהותי,
גרינגו,https://gringo.co.il/lt/1866,מה עושים באסקל?,lt,אטרקציות ופעילויות,מהותי,
גרינגו,https://gringo.co.il/lt/1022,מה עושים באריקה?,lt,אטרקציות ופעילויות,מהותי,
גרינגו,https://gringo.co.il/lt/1870,מה עושים בבוזיוס?,lt,אטרקציות ופעילויות,מהותי,
גרינגו,https://gringo.co.il/lt/1076,מה עושים בבליז סיטי?,lt,אטרקציות ופעילויות,מהותי,
גרינגו,https://gringo.co.il/lt/521,מה עושים בג'רי,lt,אטרקציות ופעילויות,מהותי,
גרינגו,https://gringo.co.il/lt/701,"מה עושים בגרנדה, ניקרגואה?",lt,אטרקציות ופעילויות,מהותי,
גרינגו,https://gringo.co.il/lt/1841,מה עושים בדומיניקל?,lt,אטרקציות ופעילויות,מהותי,
גרינגו,https://gringo.co.il/lt/2228,מה עושים בדרייק ביי?,lt,אטרקציות ופעילויות,מהותי,
גרינגו,https://gringo.co.il/lt/450,מה עושים בואלדיביה?,lt,אטרקציות ופעילויות,מהותי,
גרינגו,https://gringo.co.il/lt/1200,מה עושים בורגרה?,lt,אטרקציות ופעילויות,מהותי,
גרינגו,https://gringo.co.il/lt/961,מה עושים בחאקו?,lt,אטרקציות ופעילויות,מהותי,
גרינגו,https://gringo.co.il/lt/1935,מה עושים בחרדין?,lt,אטרקציות ופעילויות,מהותי,
גרינגו,https://gringo.co.il/lt/716,מה עושים בלאון?,lt,אטרקציות ופעילויות,מהותי,
גרינגו,https://gringo.co.il/lt/1186,מה עושים בלה פורטונה?,lt,אטרקציות ופעילויות,מהותי,
גרינגו,https://gringo.co.il/lt/577,מה עושים בלטיסיה?,lt,אטרקציות ופעילויות,מהותי,
גרינגו,https://gringo.co.il/lt/864,מה עושים בליוינגסטון?,lt,אטרקציות ופעילויות,מהותי,
גרינגו,https://gringo.co.il/lt/377,מה עושים בלנסויס הדרומית,lt,אטרקציות ופעילויות,מהותי,
גרינגו,https://gringo.co.il/lt/1330,מה עושים במדג'ין?,lt,אטרקציות ופעילויות,מהותי,
גרינגו,https://gringo.co.il/lt/1132,מה עושים במונטה ורדה?,lt,אטרקציות ופעילויות,מהותי,
גרינגו,https://gringo.co.il/lt/1080,מה עושים במונטזומה?,lt,אטרקציות ופעילויות,מהותי,
גרינגו,https://gringo.co.il/lt/1930,מה עושים במינקה?,lt,אטרקציות ופעילויות,מהותי,
גרינגו,https://gringo.co.il/lt/694,מה עושים במנגואה?,lt,אטרקציות ופעילויות,מהותי,
גרינגו,https://gringo.co.il/lt/1142,מה עושים במנקורה,lt,אטרקציות ופעילויות,מהותי,
גרינגו,https://gringo.co.il/lt/1967,מה עושים במרגוג'י?,lt,אטרקציות ופעילויות,מהותי,
גרינגו,https://gringo.co.il/lt/1976,מה עושים בנאסקה?,lt,אטרקציות ופעילויות,מהותי,
גרינגו,https://gringo.co.il/lt/1751,מה עושים בסן אגוסטין,lt,אטרקציות ופעילויות,מהותי,
גרינגו,https://gringo.co.il/lt/704,מה עושים בסן חואן דל סור?,lt,אטרקציות ופעילויות,מהותי,
גרינגו,https://gringo.co.il/lt/1862,מה עושים בסן חיל?,lt,אטרקציות ופעילויות,מהותי,
גרינגו,https://gringo.co.il/lt/509,מה עושים בפאראצ'י?,lt,אטרקציות ופעילויות,מהותי,
גרינגו,https://gringo.co.il/lt/1275,מה עושים בפארקאס?,lt,אטרקציות ופעילויות,מהותי,
גרינגו,https://gringo.co.il/lt/557,מה עושים בפוארטו וייחו?,lt,אטרקציות ופעילויות,מהותי,
גרינגו,https://gringo.co.il/lt/799,מה עושים בפוארטו חימנז?,lt,אטרקציות ופעילויות,מהותי,
גרינגו,https://gringo.co.il/lt/2005,מה עושים בפלומינו?,lt,אטרקציות ופעילויות,מהותי,
גרינגו,https://gringo.co.il/lt/1875,מה עושים בפלורה?,lt,אטרקציות ופעילויות,מהותי,
גרינגו,https://gringo.co.il/lt/1145,מה עושים בקאפורגאנה?,lt,אטרקציות ופעילויות,מהותי,
גרינגו,https://gringo.co.il/lt/568,מה עושים בקחמרקה,lt,אטרקציות ופעילויות,מהותי,
גרינגו,https://gringo.co.il/lt/737,מה עושים ברואטן?,lt,אטרקציות ופעילויות,מהותי,
גרינגו,https://gringo.co.il/lt/172,מה עושים ברורנבאקה?,lt,אטרקציות ופעילויות,מהותי,
גרינגו,https://gringo.co.il/lt/1072,מה עושים בתמרינדו?,lt,אטרקציות ופעילויות,מהותי,
גרינגו,https://gringo.co.il/lt/1450,"מונטניטה, אקוודור – הגעה, גלישה, חופים ואטרקציות מומלצות",lt,אטרקציות ופעילויות,מהותי,
גרינגו,https://gringo.co.il/lt/200,מסעדות מומלצות בקוסקו ל-2026,lt,אטרקציות ופעילויות,מהותי,
גרינגו,https://gringo.co.il/attraction/15,סיור אופניים,attraction,אטרקציות ופעילויות,מהותי,
גרינגו,https://gringo.co.il/lt/270,סיור במכרות פוטוסי,lt,אטרקציות ופעילויות,מהותי,
גרינגו,https://gringo.co.il/attraction/16,סיור בפארק הלאומי של מנואל אנטוניו,attraction,אטרקציות ופעילויות,מהותי,
גרינגו,https://gringo.co.il/lt/2069,סיור לטיקאל,lt,אטרקציות ופעילויות,מהותי,
גרינגו,https://gringo.co.il/text/511,סיור לצ'יצ'ן איצ'ה - שמעון בניסטי,text,אטרקציות ופעילויות,מהותי,
גרינגו,https://gringo.co.il/attraction/11,סיור פבלו אסקובר,attraction,אטרקציות ופעילויות,מהותי,
גרינגו,https://gringo.co.il/lt/1940,סיורים מומלצים למדבר טטקואה,lt,אטרקציות ופעילויות,מהותי,
גרינגו,https://gringo.co.il/text/398,סיפור דרך טרק פויווה - אורעד רוקח,text,אטרקציות ופעילויות,מהותי,
גרינגו,https://gringo.co.il/lt/1355,"סלבדור, ברזיל – אטרקציות ומידע על סלבדור בצפון ברזיל",lt,אטרקציות ופעילויות,מהותי,
גרינגו,https://gringo.co.il/lt/1714,"סלנטו, קולומביה – חוות קפה וקקאו, סיורים ומפת המלצות",lt,אטרקציות ופעילויות,מהותי,
גרינגו,https://gringo.co.il/lt/385,פונטה טומבו שמורת הפינגווינים,lt,אטרקציות ופעילויות,מהותי,
גרינגו,https://gringo.co.il/lt/1727,"פורטו דה גאלינאס, ברזיל - אטרקציות, המלצות וחופים",lt,אטרקציות ופעילויות,מהותי,
גרינגו,https://gringo.co.il/lt/1340,"פורטלזה, ברזיל – מידע ואטרקציות על פורטלזה",lt,אטרקציות ופעילויות,מהותי,
גרינגו,https://gringo.co.il/lt/1490,"פיפה, ברזיל – עיר הגלישה בצפון ברזיל",lt,אטרקציות ופעילויות,מהותי,
גרינגו,https://gringo.co.il/lt/1648,"קוזומל, מקסיקו - הגעה, אטרקציות, חופים וקהילה יהודית",lt,אטרקציות ופעילויות,מהותי,
גרינגו,https://gringo.co.il/lt/1737,"קפאז'טה, ארגנטינה – סיורי יקבים ואטרקציות בעיירה הקסומה",lt,אטרקציות ופעילויות,מהותי,
גרינגו,https://gringo.co.il/text/600,קרוז דה לוס מארס - טרק צלב הימים (Cabo Froward),text,אטרקציות ופעילויות,מהותי,
גרינגו,https://gringo.co.il/attraction/9,קרטחנה סיור עיר,attraction,אטרקציות ופעילויות,מהותי,
גרינגו,https://gringo.co.il/text/731,"ראפטינג בנהר הבאלסה, פעילות משפחתית מקסימה",text,אטרקציות ופעילויות,מהותי,
גרינגו,https://gringo.co.il/lt/1421,"ריו דה ז'נרו - אטרקציות, מפת המלצות, תצפיות וטיולים",lt,אטרקציות ופעילויות,מהותי,
גרינגו,https://gringo.co.il/lt/1701,"ריובמבה, אקוודור – הגעה, אטרקציות, הר הגעש צ'ימבורסו ולינה",lt,אטרקציות ופעילויות,מהותי,
גרינגו,https://gringo.co.il/attraction/18,רכיבת טרקטורונים,attraction,אטרקציות ופעילויות,מהותי,
גרינגו,https://gringo.co.il/lt/1985,שמורת הטבע טמבופטה,lt,אטרקציות ופעילויות,מהותי,
גרינגו,https://gringo.co.il/lt/1552,שמורת פקאיה סאמיריה,lt,אטרקציות ופעילויות,מהותי,
גרינגו,https://gringo.co.il/lt/1462,"ברנקייה, קולומביה - הקרנבל המפורסם ואטרקציות בעיר",lt,אירועים וקרנבלים,מהותי,
גרינגו,https://gringo.co.il/text/577,המדריך לקרנבל בסלבדור - ניר רבי,text,אירועים וקרנבלים,מהותי,
גרינגו,https://gringo.co.il/lt/1535,הקרנבל בגוואלגואיצ'ו,lt,אירועים וקרנבלים,מהותי,
גרינגו,https://gringo.co.il/lt/569,הקרנבל של קחמרקה,lt,אירועים וקרנבלים,מהותי,
גרינגו,https://gringo.co.il/lt/1426,"פלורה, ברזיל - אטרקציות, קרנבל פלורה, השכרת וילות ומסיבות",lt,אירועים וקרנבלים,מהותי,
גרינגו,https://gringo.co.il/text/818,פסטיבלים והופעות באמריקה הלטינית לשנת 2026,text,אירועים וקרנבלים,מהותי,
גרינגו,https://gringo.co.il/lt/2194,קרנבל אורו פרטו 2027,lt,אירועים וקרנבלים,מהותי,
גרינגו,https://gringo.co.il/lt/2193,"קרנבל ברזיל 2027 - השוואת קרנבלים, עלויות והמלצות מטיילים",lt,אירועים וקרנבלים,מהותי,
גרינגו,https://gringo.co.il/lt/181,קרנבל סלבדור 2027,lt,אירועים וקרנבלים,מהותי,
גרינגו,https://gringo.co.il/lt/1202,קרנבל פלוריאנופוליס (פלורה) 2027,lt,אירועים וקרנבלים,מהותי,
גרינגו,https://gringo.co.il/lt/624,קרנבל ריו דה ז'נרו 2027,lt,אירועים וקרנבלים,מהותי,
גרינגו,https://gringo.co.il/lt/2199,קרנבלים ופסטיבלים בקולומביה 💃,lt,אירועים וקרנבלים,מהותי,
גרינגו,https://gringo.co.il/lt/42,מקרי עבר וכללי בטיחות בבוליביה,lt,בטיחות,מהותי,
גרינגו,https://gringo.co.il/lt/2208,סכנות ובטיחות במקסיקו,lt,בטיחות,מהותי,
גרינגו,https://gringo.co.il/lt/2043,סכנות וכללי בטיחות בארגנטינה,lt,בטיחות,מהותי,
גרינגו,https://gringo.co.il/lt/2040,סכנות וכללי בטיחות בברזיל,lt,בטיחות,מהותי,
גרינגו,https://gringo.co.il/lt/2028,סכנות וכללי בטיחות בצ'ילה,lt,בטיחות,מהותי,
גרינגו,https://gringo.co.il/lt/2198,סכנות וכללי בטיחות בקולומביה,lt,בטיחות,מהותי,
גרינגו,https://gringo.co.il/lt/2202,סכנות וכללי בטיחות לטיול בגואטמלה,lt,בטיחות,מהותי,
גרינגו,https://gringo.co.il/lt/2210,סכנות וכללי בטיחות לטיול בפנמה,lt,בטיחות,מהותי,
גרינגו,https://gringo.co.il/lt/23,"סכנות, מקרי מוות וכללי בטיחות לפרו",lt,בטיחות,מהותי,
גרינגו,https://gringo.co.il/lt/2186,"סכנות, מקרי עבר וכללי בטיחות באקוודור",lt,בטיחות,מהותי,
גרינגו,https://gringo.co.il/text/663,חיסונים לדרום אמריקה מעודכן ל-2026,text,בריאות,מהותי,
גרינגו,https://gringo.co.il/text/684,מחלת גבהים - מחלה מסכנת חיים בטרקים,text,בריאות,מהותי,
גרינגו,https://gringo.co.il/lt/7,איך עושים CPF בברזיל?,lt,ויזה ומסמכים,מהותי,
גרינגו,https://gringo.co.il/lt/2188,הויזה לבוליביה בוטלה בדצמבר 2025!,lt,ויזה ומסמכים,מהותי,
גרינגו,https://gringo.co.il/lt/2261,ויזה לקולומביה לישראלים - הגשת בקשה ב-5 דקות!,lt,ויזה ומסמכים,מהותי,
גרינגו,https://gringo.co.il/text/748,כרטיס טיסה פיקטיבי חינם ובטוח - מעודכן ל-2026,text,ויזה ומסמכים,מהותי,
גרינגו,https://gringo.co.il/lt/13,השער הכחול בארגנטינה,lt,כספים ותקציב,מהותי,
גרינגו,https://gringo.co.il/lt/37,השער הכחול בבוליביה,lt,כספים ותקציב,מהותי,
גרינגו,https://gringo.co.il/text/820,התנהלות כספית בטיול וכרטיסי אשראי מומלצים 2026,text,כספים ותקציב,מהותי,
גרינגו,https://gringo.co.il/text/652,כמה עולה טיול אחרי צבא בדרום אמריקה (מעודכן 2026),text,כספים ותקציב,מהותי,
גרינגו,https://gringo.co.il/lt/201,משיכת דולרים בקוסקו בלי עמלות💸,lt,כספים ותקציב,מהותי,
גרינגו,https://gringo.co.il/text/745,"""סולה"" בריו דולסה - ליווינגסטון , גוואטמלה",text,כתבה/מדריך,מהותי,
גרינגו,https://gringo.co.il/text/771,"10 התצפיות הכי מטורפות בריו דה ז'נרו, ברזיל 📍",text,כתבה/מדריך,מהותי,
גרינגו,https://gringo.co.il/text/712,12 טיפים שיחסכו לכם המון כסף בטיול הגדול,text,כתבה/מדריך,מהותי,
גרינגו,https://gringo.co.il/text/417,3 ימים בקורדובה היפה,text,כתבה/מדריך,מהותי,
גרינגו,https://gringo.co.il/text/754,5 טיפים למציאת שותפים לדרום אמריקה,text,כתבה/מדריך,מהותי,
גרינגו,https://gringo.co.il/text/446,7 עובדות על ישראלים בבוליביה ועל בוליביאנים,text,כתבה/מדריך,מהותי,
גרינגו,https://gringo.co.il/text/762,8 המלצות חמות לחופשה הבאה שלכם בקוסטה ריקה,text,כתבה/מדריך,מהותי,
גרינגו,https://gringo.co.il/lt/1409,"אגואס קליינטס, פרו – המדריך המלא למטיילים | גרינגו",lt,כתבה/מדריך,מהותי,
גרינגו,https://gringo.co.il/lt/1574,"אגם אטיטלן, גואטמלה - המדריך המלא למטיילים | גרינגו",lt,כתבה/מדריך,מהותי,
גרינגו,https://gringo.co.il/lt/1406,אגם טיטיקקה: המדריך לאגם טיטיקקה בפרו | גרינגו,lt,כתבה/מדריך,מהותי,
גרינגו,https://gringo.co.il/lt/1725,אגם קלימה,lt,כתבה/מדריך,מהותי,
גרינגו,https://gringo.co.il/lt/1722,"אוביטה, קוסטה ריקה - המדריך המלא למטיילים | גרינגו",lt,כתבה/מדריך,מהותי,
גרינגו,https://gringo.co.il/lt/1614,"אוטילה, הונדורס - המדריך המלא למטיילים",lt,כתבה/מדריך,מהותי,
גרינגו,https://gringo.co.il/lt/1488,"אויאנטאיטמבו, פרו – המדריך המלא למטיילים | גרינגו",lt,כתבה/מדריך,מהותי,
גרינגו,https://gringo.co.il/lt/1349,"אולינדה, ברזיל – המדריך המלא למטיילים | גרינגו",lt,כתבה/מדריך,מהותי,
גרינגו,https://gringo.co.il/lt/1607,"אומטפה, ניקרגואה - המדריך המלא | גרינגו",lt,כתבה/מדריך,מהותי,
גרינגו,https://gringo.co.il/lt/1684,"אוצ'ו ריוס, ג'מייקה - המדריך המלא של גרינגו",lt,כתבה/מדריך,מהותי,
גרינגו,https://gringo.co.il/lt/1523,"אורו פרטו, ברזיל – המדריך המלא למטיילים | גרינגו",lt,כתבה/מדריך,מהותי,
גרינגו,https://gringo.co.il/lt/1750,"אורוביסי, ברזיל - המדריך המלא למטיילים | גרינגו",lt,כתבה/מדריך,מהותי,
גרינגו,https://gringo.co.il/lt/1391,"אורורו, בוליביה – המדריך המלא למטיילים | גרינגו",lt,כתבה/מדריך,מהותי,
גרינגו,https://gringo.co.il/text/418,אחרי קורדובה המשכתי לעיירה Valle Fertil,text,כתבה/מדריך,מהותי,
גרינגו,https://gringo.co.il/text/401,איזה מוצ'ילר אתה?,text,כתבה/מדריך,מהותי,
גרינגו,https://gringo.co.il/lt/1386,איטקרה - ללמוד לגלוש בחופים הכי יפים בברזיל,lt,כתבה/מדריך,מהותי,
גרינגו,https://gringo.co.il/lt/1589,"איי סן בלאס, פנמה - המדריך המלא למטיילים | גרינגו",lt,כתבה/מדריך,מהותי,
גרינגו,https://gringo.co.il/lt/1601,"איי קורן, ניקרגואה - המדריך המלא למטיילים | גרינגו",lt,כתבה/מדריך,מהותי,
גרינגו,https://gringo.co.il/attraction/7,איי רוסריו בורה בורה,attraction,כתבה/מדריך,מהותי,
גרינגו,https://gringo.co.il/lt/677,איים מומלצים בסן בלאס,lt,כתבה/מדריך,מהותי,
גרינגו,https://gringo.co.il/lt/2183,איך להזמין טיסות בארגנטינה?,lt,כתבה/מדריך,מהותי,
גרינגו,https://gringo.co.il/text/319,איך לשרוד 20 יום בג'ונגל בבוליביה - מתן צורגיל,text,כתבה/מדריך,מהותי,
גרינגו,https://gringo.co.il/lt/2006,איך עוברים מקאפורגאנה לפנמה?,lt,כתבה/מדריך,מהותי,
גרינגו,https://gringo.co.il/lt/1734,"איליה בלה, ברזיל – המדריך המלא למטיילים | גרינגו",lt,כתבה/מדריך,מהותי,
גרינגו,https://gringo.co.il/lt/1590,"איסלה טאבוגה, פנמה – המדריך המלא למטיילים | גרינגו",lt,כתבה/מדריך,מהותי,
גרינגו,https://gringo.co.il/lt/710,איפה ישנים באיי קורן?,lt,כתבה/מדריך,מהותי,
גרינגו,https://gringo.co.il/lt/1198,איפה ישנים בורגרה?,lt,כתבה/מדריך,מהותי,
גרינגו,https://gringo.co.il/lt/2150,איפה ישנים ביערות פנדורה?,lt,כתבה/מדריך,מהותי,
גרינגו,https://gringo.co.il/lt/1837,איפה ישנים בלה קיאקה?,lt,כתבה/מדריך,מהותי,
גרינגו,https://gringo.co.il/lt/2246,איפה ישנים בפופויו?,lt,כתבה/מדריך,מהותי,
גרינגו,https://gringo.co.il/lt/1408,איקה וואקצ'ינה - סקי חולות בנווה מדבר מרהיב,lt,כתבה/מדריך,מהותי,
גרינגו,https://gringo.co.il/lt/1417,"איקיטוס, פרו – חווית האמזונס באיקיטוס | גרינגו",lt,כתבה/מדריך,מהותי,
גרינגו,https://gringo.co.il/lt/1511,"איקיקה, צ'ילה – המדריך המלא למטיילים | גרינגו",lt,כתבה/מדריך,מהותי,
גרינגו,https://gringo.co.il/text/424,אל בולסון והקניון הכחול 🏔️,text,כתבה/מדריך,מהותי,
גרינגו,https://gringo.co.il/lt/1716,"אל ואייה דה אנטון, פנמה - המדריך המלא למטיילים | גרינגו",lt,כתבה/מדריך,מהותי,
גרינגו,https://gringo.co.il/lt/1740,"אל טונקו, אל סלבדור - המדריך המלא למטיילים",lt,כתבה/מדריך,מהותי,
גרינגו,https://gringo.co.il/lt/1571,"אל פרדון, גואטמלה – המדריך המלא למטיילים | גרינגו",lt,כתבה/מדריך,מהותי,
גרינגו,https://gringo.co.il/lt/1576,"אל רמאטה, גואטמלה - המדריך המלא למטיילים | גרינגו",lt,כתבה/מדריך,מהותי,
גרינגו,https://gringo.co.il/lt/1560,"אנטיגואה, גואטמלה - המדריך המלא למטיילים | גרינגו",lt,כתבה/מדריך,מהותי,
גרינגו,https://gringo.co.il/text/222,אנטרטיקה בסוף העולם - שמעון בניסטי,text,כתבה/מדריך,מהותי,
גרינגו,https://gringo.co.il/lt/1597,"אסטלי, ניקרגואה - המדריך המלא למטיילים | גרינגו",lt,כתבה/מדריך,מהותי,
גרינגו,https://gringo.co.il/lt/1533,"אסקל, ארגנטינה - המדריך המלא למטיילים | גרינגו",lt,כתבה/מדריך,מהותי,
גרינגו,https://gringo.co.il/text/707,אפליקציות חובה לטיול בדרום אמריקה (מעודכן ל-2026),text,כתבה/מדריך,מהותי,
גרינגו,https://gringo.co.il/lt/2209,אפליקציות מומלצות למקסיקו,lt,כתבה/מדריך,מהותי,
גרינגו,https://gringo.co.il/lt/1652,"אקפולקו, מקסיקו - המדריך המלא למטיילים",lt,כתבה/מדריך,מהותי,
גרינגו,https://gringo.co.il/lt/1733,"אריאל דו קאבו, ברזיל - המדריך המלא למטיילים | גרינגו",lt,כתבה/מדריך,מהותי,
גרינגו,https://gringo.co.il/lt/1357,"אריקה, צ'ילה – המדריך המלא למטיילים | גרינגו",lt,כתבה/מדריך,מהותי,
גרינגו,https://gringo.co.il/text/293,ארקיפה וקניון קולקה - שרון סופר,text,כתבה/מדריך,מהותי,
גרינגו,https://gringo.co.il/lt/1403,"ארקיפה, פרו – המדריך למטיילים | גרינגו",lt,כתבה/מדריך,מהותי,
גרינגו,https://gringo.co.il/text/261,אתרי סקי בדרום אמריקה,text,כתבה/מדריך,מהותי,
גרינגו,https://gringo.co.il/lt/2118,אתרי צלילה באי איזבלה,lt,כתבה/מדריך,מהותי,
גרינגו,https://gringo.co.il/lt/2112,אתרי צלילה באי סנטה קרוז,lt,כתבה/מדריך,מהותי,
גרינגו,https://gringo.co.il/lt/2119,אתרי שנירקול באי איזבלה,lt,כתבה/מדריך,מהותי,
גרינגו,https://gringo.co.il/lt/2113,אתרי שנירקול בסנטה קרוז,lt,כתבה/מדריך,מהותי,
גרינגו,https://gringo.co.il/text/732,באנג'י בסן חוזה -כי חיים רק פעם אחת,text,כתבה/מדריך,מהותי,
גרינגו,https://gringo.co.il/lt/1422,"בוזיוס, ברזיל – המדריך המלא למטיילים | גרינגו",lt,כתבה/מדריך,מהותי,
גרינגו,https://gringo.co.il/lt/1593,"בוקאס דל טורו, פנמה – המדריך המלא למטיילים | גרינגו",lt,כתבה/מדריך,מהותי,
גרינגו,https://gringo.co.il/lt/1591,"בוקטה, פנמה – המדריך המלא למטיילים | גרינגו",lt,כתבה/מדריך,מהותי,
גרינגו,https://gringo.co.il/text/655,ביטוח לדרום אמריקה - מעודכן ל-2026,text,כתבה/מדריך,מהותי,
גרינגו,https://gringo.co.il/text/304,ביקור בלתי נשכח באיי פוקלנד - אפרת נקש,text,כתבה/מדריך,מהותי,
גרינגו,https://gringo.co.il/lt/813,בית חב”ד טולום,lt,כתבה/מדריך,מהותי,
גרינגו,https://gringo.co.il/lt/1891,בית חב”ד פוארטו אסקונדידו,lt,כתבה/מדריך,מהותי,
גרינגו,https://gringo.co.il/lt/1682,"בלו מאונטיינס, ג'מייקה - המדריך של גרינגו",lt,כתבה/מדריך,מהותי,
גרינגו,https://gringo.co.il/lt/1602,"בלופילדס, ניקרגואה | גרינגו",lt,כתבה/מדריך,מהותי,
גרינגו,https://gringo.co.il/lt/1661,"בליז סיטי, בליז - המדריך המלא למטיילים | גרינגו",lt,כתבה/מדריך,מהותי,
גרינגו,https://gringo.co.il/lt/1351,"ג'ריקאקוארה (ג'רי), ברזיל – המדריך המלא למטיילים | גרינגו",lt,כתבה/מדריך,מהותי,
גרינגו,https://gringo.co.il/lt/1912,"גואטפה, קולומביה – המדריך המלא למטיילים | גרינגו",lt,כתבה/מדריך,מהותי,
גרינגו,https://gringo.co.il/lt/1657,"גוודלחרה, מקסיקו – המדריך המלא למטיילים | גרינגו",lt,כתבה/מדריך,מהותי,
גרינגו,https://gringo.co.il/attraction/4,גלישת קניונים,attraction,כתבה/מדריך,מהותי,
גרינגו,https://gringo.co.il/text/329,גרינבאס - הזמנת אוטובוסים בדרום ומרכז אמריקה!,text,כתבה/מדריך,מהותי,
גרינגו,https://gringo.co.il/text/704,גרינבאס GrinBus - קל להזמין אוטובוס בדרום אמריקה!,text,כתבה/מדריך,מהותי,
גרינגו,https://gringo.co.il/lt/1598,"גרנדה, ניקרגואה - המדריך המלא למטיילים | גרינגו",lt,כתבה/מדריך,מהותי,
גרינגו,https://gringo.co.il/lt/1595,"דויד, פנמה – המדריך המלא למטיילים | גרינגו",lt,כתבה/מדריך,מהותי,
גרינגו,https://gringo.co.il/lt/1730,"דומיניקל, קוסטה ריקה - המדריך המלא למטיילים | גרינגו",lt,כתבה/מדריך,מהותי,
גרינגו,https://gringo.co.il/lt/2301,דירות ווילות מומלצות בקוסטה ריקה,lt,כתבה/מדריך,מהותי,
גרינגו,https://gringo.co.il/lt/1731,"דרייק ביי, קוסטה ריקה - המדריך המלא למטיילים | גרינגו",lt,כתבה/מדריך,מהותי,
גרינגו,https://gringo.co.il/text/442,דרך המוות לפחדנים,text,כתבה/מדריך,מהותי,
גרינגו,https://gringo.co.il/text/514,האי אוטילה - ניב סילברמן,text,כתבה/מדריך,מהותי,
גרינגו,https://gringo.co.il/lt/2116,"האי איזבלה, איי הגלאפגוס – המדריך המלא למטיילים | גרינגו",lt,כתבה/מדריך,מהותי,
גרינגו,https://gringo.co.il/lt/2108,"האי סן קריסטובל, איי הגלאפגוס – המדריך למטיילים | גרינגו",lt,כתבה/מדריך,מהותי,
גרינגו,https://gringo.co.il/lt/2111,"האי סנטה קרוז, איי הגלאפגוס - המדריך המלא למטיילים | גרינגו",lt,כתבה/מדריך,מהותי,
גרינגו,https://gringo.co.il/lt/2123,"האי סנטה קרוז, איי הגלאפגוס - המדריך המלא למטיילים | גרינגו",lt,כתבה/מדריך,מהותי,
גרינגו,https://gringo.co.il/text/423,האי צ'ילואה בצ'ילה והר הגעש אוסורנו,text,כתבה/מדריך,מהותי,
גרינגו,https://gringo.co.il/text/449,האיים הצפים בפונו - אורית פוגשת צ'ולות,text,כתבה/מדריך,מהותי,
גרינגו,https://gringo.co.il/text/506,הטיול והמחלה - ענר גרא,text,כתבה/מדריך,מהותי,
גרינגו,https://gringo.co.il/lt/1166,היאכטה של לירן,lt,כתבה/מדריך,מהותי,
גרינגו,https://gringo.co.il/lt/1545,הכירו את איי פוקלנד,lt,כתבה/מדריך,מהותי,
גרינגו,https://gringo.co.il/lt/1308,המדריך המלא לעמק הקוקורה שבקרבת סלנטו,lt,כתבה/מדריך,מהותי,
גרינגו,https://gringo.co.il/lt/2044,המדריך המלא לקרטרה אוסטרל - מעודכן (2026),lt,כתבה/מדריך,מהותי,
גרינגו,https://gringo.co.il/lt/2052,המדריך המלא לקרטרה אוסטרל - מעודכן (2026),lt,כתבה/מדריך,מהותי,
גרינגו,https://gringo.co.il/text/654,המדריך השלם לטיסות בדרום אמריקה,text,כתבה/מדריך,מהותי,
גרינגו,https://gringo.co.il/text/410,המדריך למתברבר בבואנוס איירס,text,כתבה/מדריך,מהותי,
גרינגו,https://gringo.co.il/text/793,המלצות להתנדבויות בחינם בדרום אמריקה,text,כתבה/מדריך,מהותי,
גרינגו,https://gringo.co.il/text/721,המסע בעקבות העיר האבודה בקולומביה,text,כתבה/מדריך,מהותי,
גרינגו,https://gringo.co.il/text/544,המסע לקורן איילנד - ניקרגואה,text,כתבה/מדריך,מהותי,
גרינגו,https://gringo.co.il/text/441,"המרדף אחר תנינים, אנקונדות וישראלים בפאמפס",text,כתבה/מדריך,מהותי,
גרינגו,https://gringo.co.il/lt/1397,הסלאר - מדבר המלח המפורסם בבוליביה,lt,כתבה/מדריך,מהותי,
גרינגו,https://gringo.co.il/lt/2029,העיירה אורובמבה,lt,כתבה/מדריך,מהותי,
גרינגו,https://gringo.co.il/text/386,העיירה הורקון שבצ'ילה - מתן רוזנשטראוך,text,כתבה/מדריך,מהותי,
גרינגו,https://gringo.co.il/lt/1309,העיירה קנלה,lt,כתבה/מדריך,מהותי,
גרינגו,https://gringo.co.il/lt/1999,העיר אנקוד,lt,כתבה/מדריך,מהותי,
גרינגו,https://gringo.co.il/lt/1310,העיר גרמדו,lt,כתבה/מדריך,מהותי,
גרינגו,https://gringo.co.il/lt/959,העיר קסטרו,lt,כתבה/מדריך,מהותי,
גרינגו,https://gringo.co.il/lt/1720,"העמק הקדוש, פרו - המדריך המלא למטיילים | גרינגו",lt,כתבה/מדריך,מהותי,
גרינגו,https://gringo.co.il/lt/1518,"הפנטנאל, ברזיל – המדריך המלא למטיילים | גרינגו",lt,כתבה/מדריך,מהותי,
גרינגו,https://gringo.co.il/text/701,הפנינות הנסתרות של ברזיל - אביעד שם טוב,text,כתבה/מדריך,מהותי,
גרינגו,https://gringo.co.il/lt/1858,הר הגעש נבאדו דל רואיס,lt,כתבה/מדריך,מהותי,
גרינגו,https://gringo.co.il/lt/707,הר הגעש קוסיגואינה,lt,כתבה/מדריך,מהותי,
גרינגו,https://gringo.co.il/text/366,הרים לטיפוס בפרו ובוליביה - יהונתן שפנדורף,text,כתבה/מדריך,מהותי,
גרינגו,https://gringo.co.il/text/297,השוואת אמזונס בדרום אמריקה,text,כתבה/מדריך,מהותי,
גרינגו,https://gringo.co.il/text/258,התנדבות בבית יתומים בסוקרה,text,כתבה/מדריך,מהותי,
גרינגו,https://gringo.co.il/text/328,התנדבות בחווה אורגנית ליד ויליקיבמבה שבאקוודור,text,כתבה/מדריך,מהותי,
גרינגו,https://gringo.co.il/lt/2216,התנדבות בחווה להצלת חיות בפיסאק,lt,כתבה/מדריך,מהותי,
גרינגו,https://gringo.co.il/text/572,התנדבות בחוות סוסים בקוזומל - אלדד פוסטן,text,כתבה/מדריך,מהותי,
גרינגו,https://gringo.co.il/text/705,התנדבות עם ילדים באיבגה שבקולומביה,text,כתבה/מדריך,מהותי,
גרינגו,https://gringo.co.il/text/708,התנדבות עם ילדים בריו דה ז'ניירו - רן גבאי,text,כתבה/מדריך,מהותי,
גרינגו,https://gringo.co.il/lt/1522,"ואלדיביה, צ'ילה – המדריך המלא למטיילים | גרינגו",lt,כתבה/מדריך,מהותי,
גרינגו,https://gringo.co.il/lt/1432,"ואלפראיסו, צ'ילה – המדריך המלא למטיילים | גרינגו",lt,כתבה/מדריך,מהותי,
גרינגו,https://gringo.co.il/lt/1575,"וואוואטנאנגו, גואטמלה - המדריך המלא למטיילים | גרינגו",lt,כתבה/מדריך,מהותי,
גרינגו,https://gringo.co.il/lt/1651,"וואחאקה סיטי, מקסיקו – המדריך המלא למטיילים",lt,כתבה/מדריך,מהותי,
גרינגו,https://gringo.co.il/lt/1695,"וואטולקו, מקסיקו - המדריך המלא למטיילים | גרינגו",lt,כתבה/מדריך,מהותי,
גרינגו,https://gringo.co.il/lt/1401,"ויאסון, בוליביה – המדריך המלא למטיילים | גרינגו",lt,כתבה/מדריך,מהותי,
גרינגו,https://gringo.co.il/lt/1704,"ויהרמוסה, מקסיקו - המדריך המלא למטיילים | גרינגו",lt,כתבה/מדריך,מהותי,
גרינגו,https://gringo.co.il/lt/1481,"וילקבמבה, אקוודור - המדריך המלא למטיילים | גרינגו",lt,כתבה/מדריך,מהותי,
גרינגו,https://gringo.co.il/lt/1430,"ויניה דל מאר, צ'ילה – המדריך המלא למטיילים | גרינגו",lt,כתבה/מדריך,מהותי,
גרינגו,https://gringo.co.il/lt/1724,"ורגרה, קולומביה – המדריך המלא למטיילים | גרינגו",lt,כתבה/מדריך,מהותי,
גרינגו,https://gringo.co.il/lt/1640,"חאקו, קוסטה ריקה - המדריך המלא למטיילים | גרינגו",lt,כתבה/מדריך,מהותי,
גרינגו,https://gringo.co.il/lt/1627,"חואיואה, אל סלבדור - המדריך של גרינגו לחואיואה",lt,כתבה/מדריך,מהותי,
גרינגו,https://gringo.co.il/lt/2098,חוויה אותנטית למוצ'ילרים,lt,כתבה/מדריך,מהותי,
גרינגו,https://gringo.co.il/lt/2097,חווית הלודג'ים ביאסוני,lt,כתבה/מדריך,מהותי,
גרינגו,https://gringo.co.il/attraction/23,חוות דון חואן,attraction,כתבה/מדריך,מהותי,
גרינגו,https://gringo.co.il/text/376,חיי הלילה בבואנוס איירס 🍸,text,כתבה/מדריך,מהותי,
גרינגו,https://gringo.co.il/lt/1933,"חרדין, קולומביה – המדריך המלא למטיילים | גרינגו",lt,כתבה/מדריך,מהותי,
גרינגו,https://gringo.co.il/text/431,טבילת אש בבוליביה - אורית נאמן,text,כתבה/מדריך,מהותי,
גרינגו,https://gringo.co.il/lt/1613,"טגוסיגאלפה, הונדורס - המדריך המלא למטיילים",lt,כתבה/מדריך,מהותי,
גרינגו,https://gringo.co.il/lt/1460,"טגנגה, קולומביה – כפר דייגים וצוללנים בצפון קולומביה",lt,כתבה/מדריך,מהותי,
גרינגו,https://gringo.co.il/lt/1399,"טופיזה, בוליביה – המדריך המלא למטיילים | גרינגו",lt,כתבה/מדריך,מהותי,
גרינגו,https://gringo.co.il/lt/1385,"טוקומאן, ארגנטינה – המדריך המלא למטיילים",lt,כתבה/מדריך,מהותי,
גרינגו,https://gringo.co.il/lt/1540,"טורטוגרו, קוסטה ריקה - המדריך המלא למטיילים | גרינגו",lt,כתבה/מדריך,מהותי,
גרינגו,https://gringo.co.il/text/373,טיול בסלטה שבצפון ארגנטינה,text,כתבה/מדריך,מהותי,
גרינגו,https://gringo.co.il/lt/2167,טיול ג'ונגל ייחודי עם לירן 🌿,lt,כתבה/מדריך,מהותי,
גרינגו,https://gringo.co.il/lt/1969,טיול יומי 7 הלגונות,lt,כתבה/מדריך,מהותי,
גרינגו,https://gringo.co.il/text/625,טיול עם רכב שכור בפטגוניה,text,כתבה/מדריך,מהותי,
גרינגו,https://gringo.co.il/lt/437,טיולי אופניים בסן פדרו דה אטקמה,lt,כתבה/מדריך,מהותי,
גרינגו,https://gringo.co.il/attraction/6,טיסה בשמי גואטפה,attraction,כתבה/מדריך,מהותי,
גרינגו,https://gringo.co.il/text/349,טיפוס על הר האזנגטה בפרו - אורעד רוקח,text,כתבה/מדריך,מהותי,
גרינגו,https://gringo.co.il/text/421,טיפסתי על הויאריקה ושרדתי לספר,text,כתבה/מדריך,מהותי,
גרינגו,https://gringo.co.il/lt/1563,"טיקאל, גואטמלה – המדריך המלא למטיילים | גרינגו",lt,כתבה/מדריך,מהותי,
גרינגו,https://gringo.co.il/lt/1617,"טלה, הונדורס - המדריך המלא למטיילים",lt,כתבה/מדריך,מהותי,
גרינגו,https://gringo.co.il/lt/1694,"טסקו, מקסיקו – המדריך המלא למטיילים | גרינגו",lt,כתבה/מדריך,מהותי,
גרינגו,https://gringo.co.il/lt/1413,"טרוחיו, פרו – המדריך המלא למטיילים | גרינגו",lt,כתבה/מדריך,מהותי,
גרינגו,https://gringo.co.il/lt/2273,"טרז'ר ביץ', ג'מייקה - המדריך המלא של גרינגו",lt,כתבה/מדריך,מהותי,
גרינגו,https://gringo.co.il/lt/1371,"טרלאו, ארגנטינה – המדריך המלא למטיילים | גרינגו",lt,כתבה/מדריך,מהותי,
גרינגו,https://gringo.co.il/lt/2168,"יאכטה Marea ""הכל כלול""",lt,כתבה/מדריך,מהותי,
גרינגו,https://gringo.co.il/lt/1752,"יאסוני, אקוודור - המדריך המלא למטיילים | גרינגו",lt,כתבה/מדריך,מהותי,
גרינגו,https://gringo.co.il/attraction/20,יום טיול באגם התכלת Rio celecte,attraction,כתבה/מדריך,מהותי,
גרינגו,https://gringo.co.il/text/735,יום טיול בהר הגעש פואז ומפלי לה פאז - סאן חוזה,text,כתבה/מדריך,מהותי,
גרינגו,https://gringo.co.il/attraction/21,יום טיול בפארק לאומי קאווייטה,attraction,כתבה/מדריך,מהותי,
גרינגו,https://gringo.co.il/lt/2147,"יערות פנדורה, קולומביה – המדריך המלא למטיילים | גרינגו",lt,כתבה/מדריך,מהותי,
גרינגו,https://gringo.co.il/text/804,כמה נשלם ללילה בהוסטל בארגנטינה?,text,כתבה/מדריך,מהותי,
גרינגו,https://gringo.co.il/attraction/8,כנסיית המלח,attraction,כתבה/מדריך,מהותי,
גרינגו,https://gringo.co.il/lt/2217,כסף בפלומינו,lt,כתבה/מדריך,מהותי,
גרינגו,https://gringo.co.il/lt/1603,"לאון, ניקרגואה - המדריך למטיילים | גרינגו",lt,כתבה/מדריך,מהותי,
גרינגו,https://gringo.co.il/lt/1612,"לגונה דה אפויו, ניקרגואה - המדריך המלא למטיילים | גרינגו",lt,כתבה/מדריך,מהותי,
גרינגו,https://gringo.co.il/lt/1618,"לה סייבה, הונדורס - המדריך המלא למטיילים",lt,כתבה/מדריך,מהותי,
גרינגו,https://gringo.co.il/lt/1429,"לה סרנה, צ'ילה – המדריך המלא למטיילים | גרינגו",lt,כתבה/מדריך,מהותי,
גרינגו,https://gringo.co.il/lt/1654,"לה פאס, מקסיקו – המדריך המלא למטיילים | גרינגו",lt,כתבה/מדריך,מהותי,
גרינגו,https://gringo.co.il/lt/1635,"לה פורטונה, קוסטה ריקה - המדריך המלא למטיילים | גרינגו",lt,כתבה/מדריך,מהותי,
גרינגו,https://gringo.co.il/text/440,"לה פז, עיר עוצרת נשימה וצ'ולות - אורית נאמן",text,כתבה/מדריך,מהותי,
גרינגו,https://gringo.co.il/lt/2136,לה פלומה ולה פדררה,lt,כתבה/מדריך,מהותי,
גרינגו,https://gringo.co.il/text/413,לה קוקרצ'ה לה קוקרצ'ה,text,כתבה/מדריך,מהותי,
גרינגו,https://gringo.co.il/lt/1380,"לה קיאקה, ארגנטינה – המדריך המלא למטיילים | גרינגו",lt,כתבה/מדריך,מהותי,
גרינגו,https://gringo.co.il/lt/2092,לודג'ים ומדריכים בקויאבנו,lt,כתבה/מדריך,מהותי,
גרינגו,https://gringo.co.il/lt/2096,לודג'ים מומלצים ביאסוני,lt,כתבה/מדריך,מהותי,
גרינגו,https://gringo.co.il/lt/1683,"לונג ביי, ג'מייקה",lt,כתבה/מדריך,מהותי,
גרינגו,https://gringo.co.il/text/392,לטייל עם ההורים בדרום אמריקה,text,כתבה/מדריך,מהותי,
גרינגו,https://gringo.co.il/lt/1467,"לטיסיה, קולומביה – המדריך המלא למטיילים | גרינגו",lt,כתבה/מדריך,מהותי,
גרינגו,https://gringo.co.il/lt/1565,"ליוינגסטון, גואטמלה – המדריך המלא למטיילים | גרינגו",lt,כתבה/מדריך,מהותי,
גרינגו,https://gringo.co.il/text/530,"לימה, הווארז ולגונה 69 - יונתן רוזין",text,כתבה/מדריך,מהותי,
גרינגו,https://gringo.co.il/text/821,למה ישראלים בוחרים לעשות תושבות בפרגוואי,text,כתבה/מדריך,מהותי,
גרינגו,https://gringo.co.il/lt/1508,לנסויס הדרומית - פארק שפאדה דיאמנטינה,lt,כתבה/מדריך,מהותי,
גרינגו,https://gringo.co.il/lt/573,לנסויס הצפונית (מרניינסס) - לגונות בלב מדבר בצפון ברזיל,lt,כתבה/מדריך,מהותי,
גרינגו,https://gringo.co.il/lt/1548,לנסויס הצפונית (מרניינסס) - לגונות בלב מדבר בצפון ברזיל,lt,כתבה/מדריך,מהותי,
גרינגו,https://gringo.co.il/lt/1374,"מאר דל פלטה - ""האילת"" של ארגנטינה, מסיבות וחופים",lt,כתבה/מדריך,מהותי,
גרינגו,https://gringo.co.il/text/594,מבצע קוסקו - גיא הוכמן,text,כתבה/מדריך,מהותי,
גרינגו,https://gringo.co.il/text/420,מדבקה קוריאנית בואלפאראיסו,text,כתבה/מדריך,מהותי,
גרינגו,https://gringo.co.il/lt/1938,"מדבר טטקואה, קולומביה – המדריך המלא למטיילים | גרינגו",lt,כתבה/מדריך,מהותי,
גרינגו,https://gringo.co.il/lt/1117,מדריך עצמאי לקניית כרטיס למשחק כדורגל במרקנה,lt,כתבה/מדריך,מהותי,
גרינגו,https://gringo.co.il/lt/1945,מדריכים מומלצים לאל קוקוי,lt,כתבה/מדריך,מהותי,
גרינגו,https://gringo.co.il/lt/1974,מדריכים מומלצים לאמזונס באיקיטוס,lt,כתבה/מדריך,מהותי,
גרינגו,https://gringo.co.il/text/532,מה יש לעשות באיקה וקוסקו - יונתן רוזן,text,כתבה/מדריך,מהותי,
גרינגו,https://gringo.co.il/text/730,מה שלמדתי על החיים בקוסטה ריקה,text,כתבה/מדריך,מהותי,
גרינגו,https://gringo.co.il/lt/1681,"מונטגו ביי, ג'מייקה - המדריך המלא של גרינגו",lt,כתבה/מדריך,מהותי,
גרינגו,https://gringo.co.il/lt/1717,"מונטה ורדה, קוסטה ריקה - המדריך המלא למטיילים | גרינגו",lt,כתבה/מדריך,מהותי,
גרינגו,https://gringo.co.il/lt/1444,"מונטווידאו, אורוגוואי – המדריך המלא למטיילים | גרינגו",lt,כתבה/מדריך,מהותי,
גרינגו,https://gringo.co.il/lt/1711,"מונטזומה, קוסטה ריקה - המדריך המלא למטיילים | גרינגו",lt,כתבה/מדריך,מהותי,
גרינגו,https://gringo.co.il/lt/1347,"מורו דה סאו פאולו, ברזיל - המדריך המלא 2026",lt,כתבה/מדריך,מהותי,
גרינגו,https://gringo.co.il/lt/1699,"מזונטה, מקסיקו – המדריך המלא למטיילים | גרינגו",lt,כתבה/מדריך,מהותי,
גרינגו,https://gringo.co.il/lt/1708,"מזטלן, מקסיקו – המדריך המלא למטיילים | גרינגו",lt,כתבה/מדריך,מהותי,
גרינגו,https://gringo.co.il/text/524,מחלת הלשמניה בג'ונגלים של בוליביה - גלעד דיבון,text,כתבה/מדריך,מהותי,
גרינגו,https://gringo.co.il/lt/1298,מידע שימושי על סן חואן,lt,כתבה/מדריך,מהותי,
גרינגו,https://gringo.co.il/lt/1928,"מינקה, קולומביה – המדריך המלא למטיילים | גרינגו",lt,כתבה/מדריך,מהותי,
גרינגו,https://gringo.co.il/text/433,מכרות הכסף בפוטוסי - תגידו תודה שאתם מישראל,text,כתבה/מדריך,מהותי,
גרינגו,https://gringo.co.il/text/454,מלימה לאמא - פרידה מדרום אמריקה,text,כתבה/מדריך,מהותי,
גרינגו,https://gringo.co.il/lt/1596,"מנגואה, ניקרגואה - המדריך למטיילים | גרינגו",lt,כתבה/מדריך,מהותי,
גרינגו,https://gringo.co.il/text/215,"מנדוזה, יין ויקבים בלתי נגמרים - עדי שבתאי",text,כתבה/מדריך,מהותי,
גרינגו,https://gringo.co.il/lt/1857,מניזלס והעיירה מוריג'ו,lt,כתבה/מדריך,מהותי,
גרינגו,https://gringo.co.il/lt/1510,"מנקורה, פרו – המדריך המלא למטיילים | גרינגו",lt,כתבה/מדריך,מהותי,
גרינגו,https://gringo.co.il/lt/688,מסיבת Filthy Friday,lt,כתבה/מדריך,מהותי,
גרינגו,https://gringo.co.il/text/192,מסע 4x4 בפאטן צפון גואטמלה,text,כתבה/מדריך,מהותי,
גרינגו,https://gringo.co.il/attraction/24,מעיינות חמים,attraction,כתבה/מדריך,מהותי,
גרינגו,https://gringo.co.il/attraction/13,מעיינות חמים סנטה מוניקה,attraction,כתבה/מדריך,מהותי,
גרינגו,https://gringo.co.il/lt/1867,מערת הקרח באסקל,lt,כתבה/מדריך,מהותי,
גרינגו,https://gringo.co.il/lt/1507,"מרגוג'י, ברזיל – המדריך המלא למטיילים | גרינגו",lt,כתבה/מדריך,מהותי,
גרינגו,https://gringo.co.il/lt/1702,"מרידה, מקסיקו – המדריך המלא למטיילים | גרינגו",lt,כתבה/מדריך,מהותי,
גרינגו,https://gringo.co.il/lt/1407,"נאסקה, פרו – המדריך המלא למטיילים | גרינגו",lt,כתבה/מדריך,מהותי,
גרינגו,https://gringo.co.il/lt/1680,"נגריל, ג'מייקה - המדריך המלא של גרינגו",lt,כתבה/מדריך,מהותי,
גרינגו,https://gringo.co.il/lt/1341,"נטאל, ברזיל – עיר מגניבה ולא ידועה בצפון ברזיל",lt,כתבה/מדריך,מהותי,
גרינגו,https://gringo.co.il/lt/1423,"סאו פאולו, ברזיל – המדריך המלא למטיילים | גרינגו",lt,כתבה/מדריך,מהותי,
גרינגו,https://gringo.co.il/lt/1959,סדנאות מומלצות בפיסאק,lt,כתבה/מדריך,מהותי,
גרינגו,https://gringo.co.il/lt/1632,"סוצ’יטוטו, אל סלבדור - המדריך של גרינגו לסוצ’יטוטו",lt,כתבה/מדריך,מהותי,
גרינגו,https://gringo.co.il/text/445,"סוראטה, קופהקבנה, אגם טיטיקקה ופרידה מבוליביה",text,כתבה/מדריך,מהותי,
גרינגו,https://gringo.co.il/text/455,סיכום 8 חודשים בדרום אמריקה - אורית נאמן,text,כתבה/מדריך,מהותי,
גרינגו,https://gringo.co.il/lt/1697,"סיפוליטה, מקסיקו – המדריך המלא למטיילים | גרינגו",lt,כתבה/מדריך,מהותי,
גרינגו,https://gringo.co.il/text/438,"סמאיפטה, קוצ'במבה ובוליביאנים שקרנים - אורית נאמן",text,כתבה/מדריך,מהותי,
גרינגו,https://gringo.co.il/lt/1580,"סמוק שמפיי, גואטמלה – המדריך המלא למטיילים | גרינגו",lt,כתבה/מדריך,מהותי,
גרינגו,https://gringo.co.il/text/450,סמטת המציקים לאורית בקוסקו,text,כתבה/מדריך,מהותי,
גרינגו,https://gringo.co.il/lt/1665,"סן איגנסיו, בליז - המדריך המלא למטיילים | גרינגו",lt,כתבה/מדריך,מהותי,
גרינגו,https://gringo.co.il/lt/1599,"סן חואן דל סור, ניקרגואה - המדריך למטיילים | גרינגו",lt,כתבה/מדריך,מהותי,
גרינגו,https://gringo.co.il/lt/1709,"סן חיל, קולומביה – המדריך המלא למטיילים | גרינגו",lt,כתבה/מדריך,מהותי,
גרינגו,https://gringo.co.il/lt/1361,"סן מרטין דה לוס אנדס - דרך 7 האגמים, מפת הדרך והמלצות",lt,כתבה/מדריך,מהותי,
גרינגו,https://gringo.co.il/lt/1568,"סן מרקוס לה לגונה, גואטמלה – המדריך למטיילים | גרינגו",lt,כתבה/מדריך,מהותי,
גרינגו,https://gringo.co.il/lt/1625,"סן סלבדור, עיר הבירה של אל סלבדור",lt,כתבה/מדריך,מהותי,
גרינגו,https://gringo.co.il/lt/1356,"סן פדרו דה אטאקמה, צ'ילה – המדריך למטיילים | גרינגו",lt,כתבה/מדריך,מהותי,
גרינגו,https://gringo.co.il/lt/1623,"סן פדרו סולה, הונדורס - המדריך המלא למטיילים",lt,כתבה/מדריך,מהותי,
גרינגו,https://gringo.co.il/lt/2250,"סן פדרו, בליז - המדריך המלא למטיילים | גרינגו",lt,כתבה/מדריך,מהותי,
גרינגו,https://gringo.co.il/lt/1646,"סן קריסטובל דה לאס קאסאס, מקסיקו - המדריך המלא לעיירה הקסומה",lt,כתבה/מדריך,מהותי,
גרינגו,https://gringo.co.il/lt/1631,"סנטה אנה, אל סלבדור - המדריך של גרינגו לסנטה אנה",lt,כתבה/מדריך,מהותי,
גרינגו,https://gringo.co.il/lt/1594,"סנטה קטלינה, פנמה - המדריך המלא למטיילים | גרינגו",lt,כתבה/מדריך,מהותי,
גרינגו,https://gringo.co.il/text/352,סנטה קרוז בבוליביה - דורית ועמי,text,כתבה/מדריך,מהותי,
גרינגו,https://gringo.co.il/lt/1549,"סנטה רוזה, פרו – המדריך המלא למטיילים | גרינגו",lt,כתבה/מדריך,מהותי,
גרינגו,https://gringo.co.il/attraction/19,סנפלינג מפלים-קניונינג,attraction,כתבה/מדריך,מהותי,
גרינגו,https://gringo.co.il/text/452,סקי חולות באיקה ונפילות על הישבן - אורית,text,כתבה/מדריך,מהותי,
גרינגו,https://gringo.co.il/text/296,סקי חולות באיקה וקווי נאסקה - שרון סופר,text,כתבה/מדריך,מהותי,
גרינגו,https://gringo.co.il/attraction/17,סקי מים במנואל אנטוניו,attraction,כתבה/מדריך,מהותי,
גרינגו,https://gringo.co.il/text/588,עיר האלוהים - גיא הוכמן בפאבלת רוסינה,text,כתבה/מדריך,מהותי,
גרינגו,https://gringo.co.il/lt/1492,"פאמפס, בוליביה – המדריך המלא למטיילים | גרינגו",lt,כתבה/מדריך,מהותי,
גרינגו,https://gringo.co.il/lt/1531,"פאראצ'י, ברזיל – המדריך המלא למטיילים | גרינגו",lt,כתבה/מדריך,מהותי,
גרינגו,https://gringo.co.il/lt/173,פארק מאדידי - ג'ונגלים,lt,כתבה/מדריך,מהותי,
גרינגו,https://gringo.co.il/lt/1525,"פארק מאנו, פרו – המדריך המלא למטיילים | גרינגו",lt,כתבה/מדריך,מהותי,
גרינגו,https://gringo.co.il/lt/1637,"פארק מנואל אנטוניו, קוסטה ריקה - המדריך המלא לפארק",lt,כתבה/מדריך,מהותי,
גרינגו,https://gringo.co.il/lt/1742,"פארקאס, פרו – המדריך המלא למטיילים | גרינגו",lt,כתבה/מדריך,מהותי,
גרינגו,https://gringo.co.il/lt/162,פוארטו איגואסו - העיר הארגנטינאית ליד מפלי האיגואסו,lt,כתבה/מדריך,מהותי,
גרינגו,https://gringo.co.il/lt/1383,פוארטו איגואסו - העיר הארגנטינאית ליד מפלי האיגואסו,lt,כתבה/מדריך,מהותי,
גרינגו,https://gringo.co.il/lt/1650,"פוארטו אסקונדידו, מקסיקו – המדריך המלא למטיילים",lt,כתבה/מדריך,מהותי,
גרינגו,https://gringo.co.il/lt/1536,"פוארטו ואראס, צ'ילה – המדריך המלא למטיילים | גרינגו",lt,כתבה/מדריך,מהותי,
גרינגו,https://gringo.co.il/lt/1542,"פוארטו וייחו, קוסטה ריקה - המדריך המלא למטיילים | גרינגו",lt,כתבה/מדריך,מהותי,
גרינגו,https://gringo.co.il/lt/1636,"פוארטו חימנז, קוסטה ריקה - המדריך המלא למטיילים | גרינגו",lt,כתבה/מדריך,מהותי,
גרינגו,https://gringo.co.il/lt/1543,"פוארטו לימון, קוסטה ריקה - המדריך המלא למטיילים | גרינגו",lt,כתבה/מדריך,מהותי,
גרינגו,https://gringo.co.il/lt/1372,"פוארטו מדרין - לוויתנים, פינגווינים, אריות ים באי ואלדז",lt,כתבה/מדריך,מהותי,
גרינגו,https://gringo.co.il/lt/1435,"פוארטו מונט, צ'ילה – המדריך המלא למטיילים | גרינגו",lt,כתבה/מדריך,מהותי,
גרינגו,https://gringo.co.il/lt/1438,"פוארטו נטאלס, צ'ילה – המדריך המלא למטיילים | גרינגו",lt,כתבה/מדריך,מהותי,
גרינגו,https://gringo.co.il/lt/1428,פוז דו איגואסו - העיר הברזילאית ליד מפלי האיגואסו,lt,כתבה/מדריך,מהותי,
גרינגו,https://gringo.co.il/lt/2290,פוז דו איגואסו - העיר הברזילאית ליד מפלי האיגואסו,lt,כתבה/מדריך,מהותי,
גרינגו,https://gringo.co.il/lt/1396,"פוטוסי, בוליביה – המדריך המלא למטיילים | גרינגו",lt,כתבה/מדריך,מהותי,
גרינגו,https://gringo.co.il/lt/1405,"פונו, פרו – האיים הצפים ולינה אצל משפחה מקומית",lt,כתבה/מדריך,מהותי,
גרינגו,https://gringo.co.il/lt/1439,"פונטה ארנס, צ'ילה – המדריך המלא למטיילים | גרינגו",lt,כתבה/מדריך,מהותי,
גרינגו,https://gringo.co.il/lt/1446,"פונטה דל אסטה, אורוגוואי – המדריך המלא למטיילים | גרינגו",lt,כתבה/מדריך,מהותי,
גרינגו,https://gringo.co.il/lt/1715,"פונטה דל דיאבלו, אורוגוואי – המדריך המלא למטיילים | גרינגו",lt,כתבה/מדריך,מהותי,
גרינגו,https://gringo.co.il/lt/2244,"פופויו, ניקרגואה - המדריך למטיילים | גרינגו",lt,כתבה/מדריך,מהותי,
גרינגו,https://gringo.co.il/lt/1583,"פופטון, גואטמלה – המדריך למטיילים | גרינגו",lt,כתבה/מדריך,מהותי,
גרינגו,https://gringo.co.il/lt/1685,"פורט אנטוניו, ג'מייקה - המדריך של גרינגו לפורט אנטוניו",lt,כתבה/מדריך,מהותי,
גרינגו,https://gringo.co.il/lt/1427,"פורטו אלגרה, ברזיל - המדריך המלא למטיילים | גרינגו",lt,כתבה/מדריך,מהותי,
גרינגו,https://gringo.co.il/lt/1353,"פורטו סגורו, ברזיל - המדריך המלא למטיילים | גרינגו",lt,כתבה/מדריך,מהותי,
גרינגו,https://gringo.co.il/text/428,פינגווינים בפונטה ארנס וטיולים יומיים באושוואיה,text,כתבה/מדריך,מהותי,
גרינגו,https://gringo.co.il/text/815,פינקבאס - הזמנת שאטלים בפנמה וקוסטה ריקה!,text,כתבה/מדריך,מהותי,
גרינגו,https://gringo.co.il/lt/1346,"פיסאק, פרו – המדריך המלא למטיילים | גרינגו",lt,כתבה/מדריך,מהותי,
גרינגו,https://gringo.co.il/lt/1345,"פיסקו, פרו – המדריך המלא למטיילים | גרינגו",lt,כתבה/מדריך,מהותי,
גרינגו,https://gringo.co.il/lt/1735,"פיראפוליס, אורוגוואי – המדריך המלא למטיילים | גרינגו",lt,כתבה/מדריך,מהותי,
גרינגו,https://gringo.co.il/lt/1713,"פלאיה ונאו, פנמה – המדריך המלא למטיילים | גרינגו",lt,כתבה/מדריך,מהותי,
גרינגו,https://gringo.co.il/lt/1864,"פלומינו, קולומביה – המדריך המלא למטיילים | גרינגו",lt,כתבה/מדריך,מהותי,
גרינגו,https://gringo.co.il/lt/1647,"פלנקה, מקסיקו – המדריך המלא למטיילים | גרינגו",lt,כתבה/מדריך,מהותי,
גרינגו,https://gringo.co.il/lt/1581,"פנחצ'ל, גואטמלה – המדריך המלא למטיילים | גרינגו",lt,כתבה/מדריך,מהותי,
גרינגו,https://gringo.co.il/lt/1556,פפיאקטה - מעיינות חמים קסומים בלב אקוודור,lt,כתבה/מדריך,מהותי,
גרינגו,https://gringo.co.il/lt/1537,"פרננדו דה נורוניה, ברזיל – הגלאפגוס של ברזיל",lt,כתבה/מדריך,מהותי,
גרינגו,https://gringo.co.il/lt/1436,"צ'איטן, צ'ילה – המדריך המלא למטיילים | גרינגו",lt,כתבה/מדריך,מהותי,
גרינגו,https://gringo.co.il/lt/1528,"צ'אצ'אפויאס, פרו – המדריך המלא למטיילים | גרינגו",lt,כתבה/מדריך,מהותי,
גרינגו,https://gringo.co.il/lt/1649,"צ'טומאל, מקסיקו – המדריך המלא למטיילים | גרינגו",lt,כתבה/מדריך,מהותי,
גרינגו,https://gringo.co.il/lt/1517,"צ'ילה צ'יקו, צ'ילה – המדריך המלא למטיילים | גרינגו",lt,כתבה/מדריך,מהותי,
גרינגו,https://gringo.co.il/lt/1514,"צ'ילואה, צ'ילה – המדריך המלא למטיילים | גרינגו",lt,כתבה/מדריך,מהותי,
גרינגו,https://gringo.co.il/lt/1600,"צ'ינאנדגה, ניקרגואה - המדריך המלא | גרינגו",lt,כתבה/מדריך,מהותי,
גרינגו,https://gringo.co.il/lt/1577,"צ'יצ'יקסטננגו, גואטמלה – המדריך המלא למטיילים | גרינגו",lt,כתבה/מדריך,מהותי,
גרינגו,https://gringo.co.il/lt/1688,"צ'יצן איצ'ה, מקסיקו - המדריך המלא למטיילים | גרינגו",lt,כתבה/מדריך,מהותי,
גרינגו,https://gringo.co.il/text/459,צלילות באוטילה וכריש לוויתן חמקמק - אמיר גור,text,כתבה/מדריך,מהותי,
גרינגו,https://gringo.co.il/text/412,צנחתי בבואנוס איירס ושרדתי לספר,text,כתבה/מדריך,מהותי,
גרינגו,https://gringo.co.il/text/816,צעיר נהרג בטיפוס הר בנבאדו דל רואיס ליד מניזלס,text,כתבה/מדריך,מהותי,
גרינגו,https://gringo.co.il/lt/1741,קאבו דה לה ולה – המדריך המלא לסיני של קולומביה,lt,כתבה/מדריך,מהותי,
גרינגו,https://gringo.co.il/lt/1655,"קאבו סן לוקאס, מקסיקו - המדריך המלא למטיילים | גרינגו",lt,כתבה/מדריך,מהותי,
גרינגו,https://gringo.co.il/lt/1558,"קאבו פולוניו, אורוגוואי – המדריך המלא למטיילים | גרינגו",lt,כתבה/מדריך,מהותי,
גרינגו,https://gringo.co.il/lt/1738,"קאבו פריו, ברזיל – המדריך המלא למטיילים | גרינגו",lt,כתבה/מדריך,מהותי,
גרינגו,https://gringo.co.il/lt/1527,"קאלאמה, צ'ילה – המדריך המלא למטיילים | גרינגו",lt,כתבה/מדריך,מהותי,
גרינגו,https://gringo.co.il/lt/1521,"קאפורגאנה, קולומביה – המדריך המלא למטיילים | גרינגו",lt,כתבה/מדריך,מהותי,
גרינגו,https://gringo.co.il/lt/1554,"קוטופקסי, אקוודור - המדריך המלא למטיילים | גרינגו",lt,כתבה/מדריך,מהותי,
גרינגו,https://gringo.co.il/lt/1755,"קויאבנו, אקוודור - המדריך המלא למטיילים | גרינגו",lt,כתבה/מדריך,מהותי,
גרינגו,https://gringo.co.il/lt/1437,קויאיקה - עיר קסומה בדרום צ'ילה,lt,כתבה/מדריך,מהותי,
גרינגו,https://gringo.co.il/lt/1443,"קולוניה דל סקרמנטו, אורוגוואי – המדריך למטיילים | גרינגו",lt,כתבה/מדריך,מהותי,
גרינגו,https://gringo.co.il/lt/1743,"קומבוקו, ברזיל – כפר קסום בצפון ברזיל",lt,כתבה/מדריך,מהותי,
גרינגו,https://gringo.co.il/text/744,"קונקשן באמסטרדם - לו""ז ליום מושלם",text,כתבה/מדריך,מהותי,
גרינגו,https://gringo.co.il/lt/1343,"קוסקו, פרו – מפת המלצות, קניות, חיי לילה והתנדבות",lt,כתבה/מדריך,מהותי,
גרינגו,https://gringo.co.il/lt/1624,"קופאן רואינאס, הונדורס - המדריך המלא למטיילים",lt,כתבה/מדריך,מהותי,
גרינגו,https://gringo.co.il/lt/1390,"קופקבנה, בוליביה - המדריך המלא למטיילים | גרינגו",lt,כתבה/מדריך,מהותי,
גרינגו,https://gringo.co.il/lt/1392,"קוצ´במבה, בוליביה – המדריך המלא למטיילים | גרינגו",lt,כתבה/מדריך,מהותי,
גרינגו,https://gringo.co.il/lt/1516,"קורויקו, בוליביה – המדריך המלא למטיילים | גרינגו",lt,כתבה/מדריך,מהותי,
גרינגו,https://gringo.co.il/lt/1419,"קורומבה, ברזיל – המדריך המלא למטיילים | גרינגו",lt,כתבה/מדריך,מהותי,
גרינגו,https://gringo.co.il/lt/1524,"קוריטיבה, ברזיל – המדריך המלא למטיילים | גרינגו",lt,כתבה/מדריך,מהותי,
גרינגו,https://gringo.co.il/lt/1546,"קחמרקה, פרו – המדריך המלא למטיילים | גרינגו",lt,כתבה/מדריך,מהותי,
גרינגו,https://gringo.co.il/lt/1402,"קיחארו, בוליביה – המדריך המלא למטיילים | גרינגו",lt,כתבה/מדריך,מהותי,
גרינגו,https://gringo.co.il/lt/1666,"קיי קולקר, בליז - המדריך המלא למטיילים | גרינגו",lt,כתבה/מדריך,מהותי,
גרינגו,https://gringo.co.il/lt/1141,קייט סרפינג במנקורה,lt,כתבה/מדריך,מהותי,
גרינגו,https://gringo.co.il/lt/1679,"קינגסטון, ג'מייקה - המדריך המלא של גרינגו",lt,כתבה/מדריך,מהותי,
גרינגו,https://gringo.co.il/lt/1311,קמברה דו סול,lt,כתבה/מדריך,מהותי,
גרינגו,https://gringo.co.il/lt/1513,"קנואה קברדה, ברזיל - המדריך המלא למטיילים | גרינגו",lt,כתבה/מדריך,מהותי,
גרינגו,https://gringo.co.il/text/733,"קנופי (אומגה) בקוסטה ריקה, ב Lands in love",text,כתבה/מדריך,מהותי,
גרינגו,https://gringo.co.il/lt/1639,"קפוס, קוסטה ריקה - המדריך המלא למטיילים | גרינגו",lt,כתבה/מדריך,מהותי,
גרינגו,https://gringo.co.il/text/375,קרטרה אוסטרל בטרמפים - אוהד כהן,text,כתבה/מדריך,מהותי,
גרינגו,https://gringo.co.il/text/814,קרטרה אוסטרל מדרום לצפון ברכב,text,כתבה/מדריך,מהותי,
גרינגו,https://gringo.co.il/lt/2045,רואד טריפ בצפון ארגנטינה,lt,כתבה/מדריך,מהותי,
גרינגו,https://gringo.co.il/lt/1615,"רואטן, הונדורס - המדריך המלא למטיילים",lt,כתבה/מדריך,מהותי,
גרינגו,https://gringo.co.il/lt/1387,"רורנבאקה, בוליביה – המדריך המלא למטיילים | גרינגו",lt,כתבה/מדריך,מהותי,
גרינגו,https://gringo.co.il/lt/1749,"ריו גרנדה דו סול, ברזיל - המדריך המלא למטיילים | גרינגו",lt,כתבה/מדריך,מהותי,
גרינגו,https://gringo.co.il/lt/1570,"ריו דולסה, גואטמלה – המדריך המלא למטיילים | גרינגו",lt,כתבה/מדריך,מהותי,
גרינגו,https://gringo.co.il/attraction/14,רכיבת סוסים,attraction,כתבה/מדריך,מהותי,
גרינגו,https://gringo.co.il/lt/1352,"רסיפה, ברזיל – המדריך המלא למטיילים | גרינגו",lt,כתבה/מדריך,מהותי,
גרינגו,https://gringo.co.il/attraction/3,רפטינג,attraction,כתבה/מדריך,מהותי,
גרינגו,https://gringo.co.il/lt/1579,"שֶלָה, גואטמלה - המדריך המלא למטיילים | גרינגו",lt,כתבה/מדריך,מהותי,
גרינגו,https://gringo.co.il/text/422,שבועיים וחצי בברילוצ'ה הטעימה🍫,text,כתבה/מדריך,מהותי,
גרינגו,https://gringo.co.il/lt/1332,שייט בפאמפס,lt,כתבה/מדריך,מהותי,
גרינגו,https://gringo.co.il/attraction/26,שייט ושנורקלינג באיי קאניו,attraction,כתבה/מדריך,מהותי,
גרינגו,https://gringo.co.il/text/419,שיכורה על אופניים במנדוסה,text,כתבה/מדריך,מהותי,
גרינגו,https://gringo.co.il/lt/2219,שליחת דואר מלימה לישראל,lt,כתבה/מדריך,מהותי,
גרינגו,https://gringo.co.il/lt/1327,שליחת חבילה מקוסקו לישראל,lt,כתבה/מדריך,מהותי,
גרינגו,https://gringo.co.il/text/716,שעה וחצי ממדג'ין: פארק לוס סלטוס עוצר הנשימה,text,כתבה/מדריך,מהותי,
גרינגו,https://gringo.co.il/lt/653,תחבורה והתמצאות,lt,כתבה/מדריך,מהותי,
גרינגו,https://gringo.co.il/lt/874,תחבורה והתמצאות,lt,כתבה/מדריך,מהותי,
גרינגו,https://gringo.co.il/lt/1213,תחבורה והתמצאות,lt,כתבה/מדריך,מהותי,
גרינגו,https://gringo.co.il/lt/566,תחבורה והתמצאות באיי פוקלנד,lt,כתבה/מדריך,מהותי,
גרינגו,https://gringo.co.il/lt/699,תחבורה והתמצאות באסטלי,lt,כתבה/מדריך,מהותי,
גרינגו,https://gringo.co.il/lt/1077,תחבורה והתמצאות בבליז סיטי,lt,כתבה/מדריך,מהותי,
גרינגו,https://gringo.co.il/lt/695,תחבורה והתמצאות במנגואה,lt,כתבה/מדריך,מהותי,
גרינגו,https://gringo.co.il/text/817,תכנון טיול לדרום אמריקה - כל מה שצריך לדעת (2026),text,כתבה/מדריך,מהותי,
גרינגו,https://gringo.co.il/lt/1659,"תמרינדו, קוסטה ריקה - המדריך המלא למטיילים בתמרינדו",lt,כתבה/מדריך,מהותי,
גרינגו,https://gringo.co.il/attraction/12,תצפית מונסרטה Monserrate,attraction,כתבה/מדריך,מהותי,
גרינגו,https://gringo.co.il/text/743,תקנון אתר גרינגו,text,כתבה/מדריך,מהותי,
גרינגו,https://gringo.co.il/lt/52,"אורוגוואי – מסלול טיול, ערים מומלצות, מזג אוויר ומקומות לינה",lt,מדריך מדינה,מהותי,
גרינגו,https://gringo.co.il/lt/107,"אל סלבדור - מסלולי טיול, מקומות מומלצים ומזג אוויר",lt,מדריך מדינה,מהותי,
גרינגו,https://gringo.co.il/lt/35,"אקוודור – כמה עולה טיול, מסלולים, עונה מומלצת ומקומות לינה",lt,מדריך מדינה,מהותי,
גרינגו,https://gringo.co.il/lt/9,"ארגנטינה – כמה עולה טיול, מסלולים, עונה מומלצת ומקומות לינה",lt,מדריך מדינה,מהותי,
גרינגו,https://gringo.co.il/lt/36,"בוליביה – כמה עולה טיול, מסלולים, עונה מומלצת ומקומות לינה",lt,מדריך מדינה,מהותי,
גרינגו,https://gringo.co.il/lt/106,"בליז – כמה עולה טיול, מסלולים, מזג אוויר ומקומות לינה",lt,מדריך מדינה,מהותי,
גרינגו,https://gringo.co.il/lt/8,"ברזיל – כמה עולה טיול, מסלולי טיול, מזג אוויר ומקומות לינה",lt,מדריך מדינה,מהותי,
גרינגו,https://gringo.co.il/lt/142,"ג'מייקה - מסלולי טיול, עונה מומלצת ומקומות לינה מומלצים",lt,מדריך מדינה,מהותי,
גרינגו,https://gringo.co.il/lt/95,"גואטמלה – כמה עולה טיול, מסלולים, עונה מומלצת ומקומות לינה",lt,מדריך מדינה,מהותי,
גרינגו,https://gringo.co.il/lt/116,"הונדורס - כמה עולה טיול, מסלולים, עונה מומלצת ומקומות לינה",lt,מדריך מדינה,מהותי,
גרינגו,https://gringo.co.il/lt/94,"מקסיקו – עלויות, מסלולים, מפת המלצות,מזג אוויר ומקומות לינה",lt,מדריך מדינה,מהותי,
גרינגו,https://gringo.co.il/lt/117,"ניקרגואה - עלויות, מסלולים, ערים מומלצות ומקומות לינה",lt,מדריך מדינה,מהותי,
גרינגו,https://gringo.co.il/lt/128,"פנמה - כמה עולה טיול, מסלולים, ערים מומלצות ומקומות לינה",lt,מדריך מדינה,מהותי,
גרינגו,https://gringo.co.il/lt/18,"פרו – כמה עולה טיול, מסלולים, עונה מומלצת ומקומות לינה",lt,מדריך מדינה,מהותי,
גרינגו,https://gringo.co.il/lt/45,"צ'ילה – כמה עולה טיול, מסלולים, עונה מומלצת ומקומות לינה",lt,מדריך מדינה,מהותי,
גרינגו,https://gringo.co.il/lt/64,"קולומביה – עלויות, מסלולי טיול מומלצים, מזג אוויר ולינה",lt,מדריך מדינה,מהותי,
גרינגו,https://gringo.co.il/lt/127,"קוסטה ריקה - כמה עולה טיול, מסלולים, ערים מומלצות ולינה",lt,מדריך מדינה,מהותי,
גרינגו,https://gringo.co.il/lt/1440,"טורס דל פיינה, צ'ילה - מסלולים, הזמנת מקום והכנות מקדימות",lt,מסלולים,מהותי,
גרינגו,https://gringo.co.il/lt/2233,מסלול טיול 10 ימים בקוסטה ריקה,lt,מסלולים,מהותי,
גרינגו,https://gringo.co.il/lt/2248,מסלול טיול בניקרגואה - כניסה מהונדורס,lt,מסלולים,מהותי,
גרינגו,https://gringo.co.il/lt/2247,מסלול טיול בניקרגואה - כניסה מקוסטה ריקה,lt,מסלולים,מהותי,
גרינגו,https://gringo.co.il/lt/2249,מסלול טיול בניקרגואה - נחיתה במנגואה,lt,מסלולים,מהותי,
גרינגו,https://gringo.co.il/lt/2262,מסלול טיול חודש-חודשיים במקסיקו,lt,מסלולים,מהותי,
גרינגו,https://gringo.co.il/lt/2235,מסלול טיול ל-3 שבועות בקוסטה ריקה,lt,מסלולים,מהותי,
גרינגו,https://gringo.co.il/lt/2234,מסלול טיול שבועיים ירח דבש בקוסטה ריקה,lt,מסלולים,מהותי,
גרינגו,https://gringo.co.il/lt/2207,מסלול ירח דבש במקסיקו 3 שבועות,lt,מסלולים,מהותי,
גרינגו,https://gringo.co.il/lt/2237,מסלול מוצ'ילרי מניקרגואה לקוסטה ריקה,lt,מסלולים,מהותי,
גרינגו,https://gringo.co.il/lt/2236,מסלול מוצ'ילרי מפנמה לקוסטה ריקה,lt,מסלולים,מהותי,
גרינגו,https://gringo.co.il/lt/93,מסלול שבועיים במקסיקו - צד קאריבי,lt,מסלולים,מהותי,
גרינגו,https://gringo.co.il/lt/92,מסלול שבועיים במקסיקו בפסיפי,lt,מסלולים,מהותי,
גרינגו,https://gringo.co.il/lt/1944,מסלולי הטיול באל קוקוי,lt,מסלולים,מהותי,
גרינגו,https://gringo.co.il/lt/43,מסלולי טיול בבוליביה,lt,מסלולים,מהותי,
גרינגו,https://gringo.co.il/lt/2047,מסלולי טיול בפרו,lt,מסלולים,מהותי,
גרינגו,https://gringo.co.il/lt/29,מסלולי טיול מומלצים באקוודור,lt,מסלולים,מהותי,
גרינגו,https://gringo.co.il/lt/2041,מסלולי טיול מומלצים בברזיל,lt,מסלולים,מהותי,
גרינגו,https://gringo.co.il/lt/2078,מסלולי טיול מומלצים בגואטמלה,lt,מסלולים,מהותי,
גרינגו,https://gringo.co.il/lt/2068,מסלולי טיול מומלצים בפנמה,lt,מסלולים,מהותי,
גרינגו,https://gringo.co.il/lt/2054,מסלולי טיול מומלצים בצ'ילה,lt,מסלולים,מהותי,
גרינגו,https://gringo.co.il/lt/2051,מסלולי טיול מומלצים בקולומביה,lt,מסלולים,מהותי,
גרינגו,https://gringo.co.il/lt/2046,מסלולי טיול מומלצים לארגנטינה וצ'ילה,lt,מסלולים,מהותי,
גרינגו,https://gringo.co.il/lt/58,מעברי הגבול של אורוגוואי,lt,מעברי גבול,מהותי,
גרינגו,https://gringo.co.il/lt/30,מעברי הגבול של אקוודור,lt,מעברי גבול,מהותי,
גרינגו,https://gringo.co.il/lt/16,מעברי הגבול של ארגנטינה עם מפה,lt,מעברי גבול,מהותי,
גרינגו,https://gringo.co.il/lt/1821,מעברי הגבול של בוליביה,lt,מעברי גבול,מהותי,
גרינגו,https://gringo.co.il/lt/2039,מעברי הגבול של ברזיל,lt,מעברי גבול,מהותי,
גרינגו,https://gringo.co.il/lt/1819,מעברי הגבול של גואטמלה,lt,מעברי גבול,מהותי,
גרינגו,https://gringo.co.il/lt/1818,מעברי הגבול של הונדורס,lt,מעברי גבול,מהותי,
גרינגו,https://gringo.co.il/lt/91,מעברי הגבול של מקסיקו,lt,מעברי גבול,מהותי,
גרינגו,https://gringo.co.il/lt/2066,מעברי הגבול של פנמה,lt,מעברי גבול,מהותי,
גרינגו,https://gringo.co.il/lt/24,מעברי הגבול של פרו,lt,מעברי גבול,מהותי,
גרינגו,https://gringo.co.il/lt/51,מעברי הגבול של צ'ילה,lt,מעברי גבול,מהותי,
גרינגו,https://gringo.co.il/lt/67,מעברי הגבול של קולומביה,lt,מעברי גבול,מהותי,
גרינגו,https://gringo.co.il/text/522,3 ימים במדבר המלח - סיפור דרך,text,סיפורי דרך,מהותי,
גרינגו,https://gringo.co.il/text/432,3 ימים בסלאר של בוליביה - סיפור דרך,text,סיפורי דרך,מהותי,
גרינגו,https://gringo.co.il/text/286,אינקה טרייל - סיפור דרך למאצ'ו פיצ'ו,text,סיפורי דרך,מהותי,
גרינגו,https://gringo.co.il/text/451,המאצ'ו פיצ'ו ואני - יומן מסע של אורית,text,סיפורי דרך,מהותי,
גרינגו,https://gringo.co.il/text/425,הקרטרה אוסטרל בטרמפים - סיפור דרך,text,סיפורי דרך,מהותי,
גרינגו,https://gringo.co.il/text/426,הקרטרה אוסטרל בטרמפים חלק 2 - סיפור דרך,text,סיפורי דרך,מהותי,
גרינגו,https://gringo.co.il/text/695,טיפוס על הוואינה פוטוסי - סיפור דרך של אתגר רוטנר,text,סיפורי דרך,מהותי,
גרינגו,https://gringo.co.il/text/430,מפלי האיגוואסו - סיפור דרך,text,סיפורי דרך,מהותי,
גרינגו,https://gringo.co.il/text/686,צלילות וטיול בבליז - סיפור דרך של בועז גרוס,text,סיפורי דרך,מהותי,
גרינגו,https://gringo.co.il/lt/1404,"מאצ'ו פיצ'ו - הגעה, עונה מומלצת, רכישת כרטיסים והמלצות",lt,עונות ומזג אוויר,מהותי,
גרינגו,https://gringo.co.il/text/453,מזג האוויר בדרום אמריקה 2025,text,עונות ומזג אוויר,מהותי,
גרינגו,https://gringo.co.il/lt/90,מזג האוויר במקסיקו,lt,עונות ומזג אוויר,מהותי,
גרינגו,https://gringo.co.il/lt/113,מזג האויר בהונדורס,lt,עונות ומזג אוויר,מהותי,
גרינגו,https://gringo.co.il/lt/54,עונה מומלצת לטיול באורוגוואי,lt,עונות ומזג אוויר,מהותי,
גרינגו,https://gringo.co.il/lt/32,עונה מומלצת לטיול באקוודור,lt,עונות ומזג אוויר,מהותי,
גרינגו,https://gringo.co.il/lt/14,עונה מומלצת לטיול בארגנטינה,lt,עונות ומזג אוויר,מהותי,
גרינגו,https://gringo.co.il/lt/38,עונה מומלצת לטיול בבוליביה,lt,עונות ומזג אוויר,מהותי,
גרינגו,https://gringo.co.il/lt/104,עונה מומלצת לטיול בבליז,lt,עונות ומזג אוויר,מהותי,
גרינגו,https://gringo.co.il/lt/2,עונה מומלצת לטיול בברזיל,lt,עונות ומזג אוויר,מהותי,
גרינגו,https://gringo.co.il/lt/97,עונה מומלצת לטיול בגואטמלה,lt,עונות ומזג אוויר,מהותי,
גרינגו,https://gringo.co.il/lt/120,עונה מומלצת לטיול בניקרגואה,lt,עונות ומזג אוויר,מהותי,
גרינגו,https://gringo.co.il/lt/130,עונה מומלצת לטיול בפנמה,lt,עונות ומזג אוויר,מהותי,
גרינגו,https://gringo.co.il/lt/20,עונה מומלצת לטיול בפרו,lt,עונות ומזג אוויר,מהותי,
גרינגו,https://gringo.co.il/lt/48,עונה מומלצת לטיול בצ'ילה,lt,עונות ומזג אוויר,מהותי,
גרינגו,https://gringo.co.il/lt/1812,עונה מומלצת לטיול בקולומביה,lt,עונות ומזג אוויר,מהותי,
גרינגו,https://gringo.co.il/text/136,המדריך לחסכון בציוד טיולים – כך תחסכו בהוצאות,text,ציוד,מהותי,
גרינגו,https://gringo.co.il/lt/1491,"טרק האזנגטה - הסבר מקיף, ציוד מומלץ, דרגות קושי והמלצות",lt,ציוד,מהותי,
גרינגו,https://gringo.co.il/text/184,מוצ'ילה או מזוודה לדרום אמריקה?,text,ציוד,מהותי,
גרינגו,https://gringo.co.il/text/806,רשימת ציוד לדרום אמריקה לבנות (מעודכן ל-2026),text,ציוד,מהותי,
גרינגו,https://gringo.co.il/text/660,רשימת ציוד לטיול הגדול בדרום אמריקה (2026),text,ציוד,מהותי,
גרינגו,https://gringo.co.il/text/777,ביטוח נסיעות לבוליביה,text,ביטוח,שירותי,
גרינגו,https://gringo.co.il/text/783,ביטוח נסיעות לקוסטה ריקה,text,ביטוח,שירותי,
גרינגו,https://gringo.co.il/lt/1253,"בית חב""ד בוקאס דל טורו",lt,בתי חב״ד,שירותי,
גרינגו,https://gringo.co.il/lt/2275,"בית חב""ד בוקטה",lt,בתי חב״ד,שירותי,
גרינגו,https://gringo.co.il/lt/345,"בית חב""ד ברסיפה",lt,בתי חב״ד,שירותי,
גרינגו,https://gringo.co.il/lt/841,"בית חב""ד גואטמלה סיטי",lt,בתי חב״ד,שירותי,
גרינגו,https://gringo.co.il/lt/962,"בית חב""ד חאקו",lt,בתי חב״ד,שירותי,
גרינגו,https://gringo.co.il/lt/332,"בית חב""ד לימה",lt,בתי חב״ד,שירותי,
גרינגו,https://gringo.co.il/lt/1333,"בית חב""ד מדג'ין",lt,בתי חב״ד,שירותי,
גרינגו,https://gringo.co.il/lt/516,"בית חב""ד מונטווידאו",lt,בתי חב״ד,שירותי,
גרינגו,https://gringo.co.il/lt/887,"בית חב""ד מונטניטה",lt,בתי חב״ד,שירותי,
גרינגו,https://gringo.co.il/lt/1871,"בית חב""ד מורו",lt,בתי חב״ד,שירותי,
גרינגו,https://gringo.co.il/lt/893,"בית חב""ד מקסיקו סיטי",lt,בתי חב״ד,שירותי,
גרינגו,https://gringo.co.il/lt/368,"בית חב""ד סאו פאולו",lt,בתי חב״ד,שירותי,
גרינגו,https://gringo.co.il/lt/581,"בית חב""ד סלבדור",lt,בתי חב״ד,שירותי,
גרינגו,https://gringo.co.il/lt/1152,"בית חב""ד סלנטו",lt,בתי חב״ד,שירותי,
גרינגו,https://gringo.co.il/lt/1920,"בית חב""ד סן אנדרס",lt,בתי חב״ד,שירותי,
גרינגו,https://gringo.co.il/lt/1165,"בית חב""ד סן חואן דל סור",lt,בתי חב״ד,שירותי,
גרינגו,https://gringo.co.il/lt/795,"בית חב""ד סן חוזה",lt,בתי חב״ד,שירותי,
גרינגו,https://gringo.co.il/lt/334,"בית חב""ד פורטו אלגרה",lt,בתי חב״ד,שירותי,
גרינגו,https://gringo.co.il/lt/2304,"בית חב""ד פיסאק",lt,בתי חב״ד,שירותי,
גרינגו,https://gringo.co.il/lt/2218,"בית חב""ד פלאיה ונאו",lt,בתי חב״ד,שירותי,
גרינגו,https://gringo.co.il/lt/676,"בית חב""ד פנמה סיטי",lt,בתי חב״ד,שירותי,
גרינגו,https://gringo.co.il/lt/1948,"בית חב""ד קוסקו",lt,בתי חב״ד,שירותי,
גרינגו,https://gringo.co.il/lt/1885,"בקלאר, מקסיקו – הגעה, אטרקציות, בית חב""ד והלגונה",lt,בתי חב״ד,שירותי,
גרינגו,https://gringo.co.il/lt/1882,"בתי חב""ד במקסיקו",lt,בתי חב״ד,שירותי,
גרינגו,https://gringo.co.il/lt/1093,"בתי חב""ד בקנקון",lt,בתי חב״ד,שירותי,
גרינגו,https://gringo.co.il/lt/336,"בתי חב""ד בריו דה ז'נרו",lt,בתי חב״ד,שירותי,
גרינגו,https://gringo.co.il/lt/414,"דירות מומלצות ליד בית חב""ד סאו פאולו",lt,בתי חב״ד,שירותי,
גרינגו,https://gringo.co.il/lt/1388,"לה פאז, בוליביה – דרכי הגעה, סיורים, אטרקציות ובית חב""ד",lt,בתי חב״ד,שירותי,
גרינגו,https://gringo.co.il/lt/1348,"מנאוס, ברזיל – דרכי הגעה, סיורים ומדריכים לאמזונס, חב""ד",lt,בתי חב״ד,שירותי,
גרינגו,https://gringo.co.il/lt/2079,"מקומות לינה ליד בית חב""ד לימה",lt,בתי חב״ד,שירותי,
גרינגו,https://gringo.co.il/lt/1569,"סן פדרו, גואטמלה - הגעה, אטרקציות, מקומות לינה וחב""ד",lt,בתי חב״ד,שירותי,
גרינגו,https://gringo.co.il/lt/1638,"סנטה תרזה, קוסטה ריקה - דרכי הגעה, גלישה, מקומות לינה וחב""ד",lt,בתי חב״ד,שירותי,
גרינגו,https://gringo.co.il/lt/1376,"קורדובה, ארגנטינה - דרכי הגעה, אטרקציות ובית חב""ד",lt,בתי חב״ד,שירותי,
גרינגו,https://gringo.co.il/lt/164,"✡️ בתי חב""ד בבואנוס איירס",lt,בתי חב״ד,שירותי,
גרינגו,https://gringo.co.il/lt/1454,"אוטבלו, אקוודור – דרכי הגעה, אטרקציות והשוק המפורסם",lt,הגעה ותחבורה,שירותי,
גרינגו,https://gringo.co.il/lt/1449,"איי גלאפגוס - כמה עולה, מסלולי טיול, דרכי הגעה והמלצות",lt,הגעה ותחבורה,שירותי,
גרינגו,https://gringo.co.il/lt/1520,"איי הפסחא, צ'ילה - עונה מומלצת, איך מגיעים ומה עושים שם",lt,הגעה ותחבורה,שירותי,
גרינגו,https://gringo.co.il/lt/348,איך להגיע ולצאת מברנקייה,lt,הגעה ותחבורה,שירותי,
גרינגו,https://gringo.co.il/lt/1315,איך להגיע לסן אגוסטין?,lt,הגעה ותחבורה,שירותי,
גרינגו,https://gringo.co.il/lt/510,איך להגיע לפאראצ'י?,lt,הגעה ותחבורה,שירותי,
גרינגו,https://gringo.co.il/lt/618,איך מגיעים ויוצאים מלטיסיה,lt,הגעה ותחבורה,שירותי,
גרינגו,https://gringo.co.il/lt/1952,איך מגיעים לאגואס קליינטס,lt,הגעה ותחבורה,שירותי,
גרינגו,https://gringo.co.il/lt/545,איך מגיעים לאובטובה?,lt,הגעה ותחבורה,שירותי,
גרינגו,https://gringo.co.il/lt/2220,איך מגיעים לאוביטה?,lt,הגעה ותחבורה,שירותי,
גרינגו,https://gringo.co.il/lt/734,איך מגיעים לאוטילה?,lt,הגעה ותחבורה,שירותי,
גרינגו,https://gringo.co.il/lt/1955,איך מגיעים לאויאנטאיטמבו,lt,הגעה ותחבורה,שירותי,
גרינגו,https://gringo.co.il/lt/998,איך מגיעים לאויוני?,lt,הגעה ותחבורה,שירותי,
גרינגו,https://gringo.co.il/lt/2007,איך מגיעים לאולינדה?,lt,הגעה ותחבורה,שירותי,
גרינגו,https://gringo.co.il/lt/2240,איך מגיעים לאומטפה?,lt,הגעה ותחבורה,שירותי,
גרינגו,https://gringo.co.il/lt/967,איך מגיעים לאוסורנו?,lt,הגעה ותחבורה,שירותי,
גרינגו,https://gringo.co.il/lt/512,איך מגיעים לאורו פרטו?,lt,הגעה ותחבורה,שירותי,
גרינגו,https://gringo.co.il/lt/1170,איך מגיעים לאורובמבה?,lt,הגעה ותחבורה,שירותי,
גרינגו,https://gringo.co.il/lt/1252,איך מגיעים לאושואיה?,lt,הגעה ותחבורה,שירותי,
גרינגו,https://gringo.co.il/lt/2117,איך מגיעים לאי איזבלה?,lt,הגעה ותחבורה,שירותי,
גרינגו,https://gringo.co.il/lt/2125,איך מגיעים לאי סן קריסטובל?,lt,הגעה ותחבורה,שירותי,
גרינגו,https://gringo.co.il/lt/2124,איך מגיעים לאי סנטה קרוז?,lt,הגעה ותחבורה,שירותי,
גרינגו,https://gringo.co.il/lt/2059,איך מגיעים לאי קויבה?,lt,הגעה ותחבורה,שירותי,
גרינגו,https://gringo.co.il/lt/964,איך מגיעים לאיטקרה?,lt,הגעה ותחבורה,שירותי,
גרינגו,https://gringo.co.il/lt/678,איך מגיעים לאיי סן בלאס?,lt,הגעה ותחבורה,שירותי,
גרינגו,https://gringo.co.il/lt/711,איך מגיעים לאיי קורן?,lt,הגעה ותחבורה,שירותי,
גרינגו,https://gringo.co.il/lt/1966,איך מגיעים לאיליה בלה?,lt,הגעה ותחבורה,שירותי,
גרינגו,https://gringo.co.il/lt/504,איך מגיעים לאיליה גרנדה?,lt,הגעה ותחבורה,שירותי,
גרינגו,https://gringo.co.il/lt/680,איך מגיעים לאיסלה טאבוגה?,lt,הגעה ותחבורה,שירותי,
גרינגו,https://gringo.co.il/lt/198,איך מגיעים לאיקה?,lt,הגעה ותחבורה,שירותי,
גרינגו,https://gringo.co.il/lt/342,איך מגיעים לאיקיטוס?,lt,הגעה ותחבורה,שירותי,
גרינגו,https://gringo.co.il/lt/447,איך מגיעים לאיקיקה?,lt,הגעה ותחבורה,שירותי,
גרינגו,https://gringo.co.il/lt/1126,איך מגיעים לאל ואייה דה אנטון?,lt,הגעה ותחבורה,שירותי,
גרינגו,https://gringo.co.il/lt/648,איך מגיעים לאל פרדון?,lt,הגעה ותחבורה,שירותי,
גרינגו,https://gringo.co.il/lt/1960,איך מגיעים לאל קוקוי?,lt,הגעה ותחבורה,שירותי,
גרינגו,https://gringo.co.il/lt/655,איך מגיעים לאל רמאטה?,lt,הגעה ותחבורה,שירותי,
גרינגו,https://gringo.co.il/lt/868,איך מגיעים לאנטיגואה?,lt,הגעה ותחבורה,שירותי,
גרינגו,https://gringo.co.il/lt/2010,איך מגיעים לאסקל?,lt,הגעה ותחבורה,שירותי,
גרינגו,https://gringo.co.il/lt/179,איך מגיעים לאריאל דה אג'ודה?,lt,הגעה ותחבורה,שירותי,
גרינגו,https://gringo.co.il/lt/1234,איך מגיעים לאריאל דו קאבו?,lt,הגעה ותחבורה,שירותי,
גרינגו,https://gringo.co.il/lt/446,איך מגיעים לאריקה?,lt,הגעה ותחבורה,שירותי,
גרינגו,https://gringo.co.il/lt/965,איך מגיעים לארקיפה?,lt,הגעה ותחבורה,שירותי,
גרינגו,https://gringo.co.il/lt/1961,איך מגיעים לבואנוס איירס?,lt,הגעה ותחבורה,שירותי,
גרינגו,https://gringo.co.il/lt/625,איך מגיעים לבוגוטה?,lt,הגעה ותחבורה,שירותי,
גרינגו,https://gringo.co.il/lt/2009,איך מגיעים לבוזיוס?,lt,הגעה ותחבורה,שירותי,
גרינגו,https://gringo.co.il/lt/689,איך מגיעים לבוקאס דל טורו?,lt,הגעה ותחבורה,שירותי,
גרינגו,https://gringo.co.il/lt/684,איך מגיעים לבוקטה?,lt,הגעה ותחבורה,שירותי,
גרינגו,https://gringo.co.il/lt/188,איך מגיעים לג'רי?,lt,הגעה ותחבורה,שירותי,
גרינגו,https://gringo.co.il/lt/2004,איך מגיעים לגואטפה?,lt,הגעה ותחבורה,שירותי,
גרינגו,https://gringo.co.il/lt/536,איך מגיעים לגוואלגואיצ'ו?,lt,הגעה ותחבורה,שירותי,
גרינגו,https://gringo.co.il/lt/1062,איך מגיעים לגוודלחרה?,lt,הגעה ותחבורה,שירותי,
גרינגו,https://gringo.co.il/lt/702,איך מגיעים לגרנדה?,lt,הגעה ותחבורה,שירותי,
גרינגו,https://gringo.co.il/lt/2056,איך מגיעים לדויד?,lt,הגעה ותחבורה,שירותי,
גרינגו,https://gringo.co.il/lt/2224,איך מגיעים לדומיניקל?,lt,הגעה ותחבורה,שירותי,
גרינגו,https://gringo.co.il/lt/2226,איך מגיעים לדרייק ביי?,lt,הגעה ותחבורה,שירותי,
גרינגו,https://gringo.co.il/lt/452,איך מגיעים לואלדיביה?,lt,הגעה ותחבורה,שירותי,
גרינגו,https://gringo.co.il/lt/607,איך מגיעים לואלפראיסו?,lt,הגעה ותחבורה,שירותי,
גרינגו,https://gringo.co.il/lt/954,איך מגיעים לויהרמוסה?,lt,הגעה ותחבורה,שירותי,
גרינגו,https://gringo.co.il/lt/604,איך מגיעים לויניה דל מאר?,lt,הגעה ותחבורה,שירותי,
גרינגו,https://gringo.co.il/lt/963,איך מגיעים לחאקו?,lt,הגעה ותחבורה,שירותי,
גרינגו,https://gringo.co.il/lt/1934,איך מגיעים לחרדין?,lt,הגעה ותחבורה,שירותי,
גרינגו,https://gringo.co.il/lt/729,איך מגיעים לטגוסיגאלפה?,lt,הגעה ותחבורה,שירותי,
גרינגו,https://gringo.co.il/lt/1109,איך מגיעים לטגנגה?,lt,הגעה ותחבורה,שירותי,
גרינגו,https://gringo.co.il/lt/353,איך מגיעים לטופיזה?,lt,הגעה ותחבורה,שירותי,
גרינגו,https://gringo.co.il/lt/549,איך מגיעים לטורטוגרו?,lt,הגעה ותחבורה,שירותי,
גרינגו,https://gringo.co.il/lt/2012,איך מגיעים לטורס דל פיינה?,lt,הגעה ותחבורה,שירותי,
גרינגו,https://gringo.co.il/lt/1136,איך מגיעים לטרוחיו?,lt,הגעה ותחבורה,שירותי,
גרינגו,https://gringo.co.il/lt/2095,איך מגיעים ליאסוני?,lt,הגעה ותחבורה,שירותי,
גרינגו,https://gringo.co.il/lt/2148,איך מגיעים ליערות פנדורה?,lt,הגעה ותחבורה,שירותי,
גרינגו,https://gringo.co.il/lt/717,איך מגיעים ללאון?,lt,הגעה ותחבורה,שירותי,
גרינגו,https://gringo.co.il/lt/750,איך מגיעים ללה סייבה?,lt,הגעה ותחבורה,שירותי,
גרינגו,https://gringo.co.il/lt/453,איך מגיעים ללה סרנה?,lt,הגעה ותחבורה,שירותי,
גרינגו,https://gringo.co.il/lt/1280,איך מגיעים ללה פורטונה?,lt,הגעה ותחבורה,שירותי,
גרינגו,https://gringo.co.il/lt/863,איך מגיעים לליוינגסטון?,lt,הגעה ותחבורה,שירותי,
גרינגו,https://gringo.co.il/lt/890,איך מגיעים ללימה?,lt,הגעה ותחבורה,שירותי,
גרינגו,https://gringo.co.il/lt/572,איך מגיעים ללנסויס מרניינסס?,lt,הגעה ותחבורה,שירותי,
גרינגו,https://gringo.co.il/lt/1321,איך מגיעים ללנסויס שפאדה?,lt,הגעה ותחבורה,שירותי,
גרינגו,https://gringo.co.il/lt/1939,איך מגיעים למדבר טטקואה?,lt,הגעה ותחבורה,שירותי,
גרינגו,https://gringo.co.il/lt/597,איך מגיעים למדג'ין?,lt,הגעה ותחבורה,שירותי,
גרינגו,https://gringo.co.il/lt/1133,איך מגיעים למונטה ורדה?,lt,הגעה ותחבורה,שירותי,
גרינגו,https://gringo.co.il/lt/517,איך מגיעים למונטווידאו?,lt,הגעה ותחבורה,שירותי,
גרינגו,https://gringo.co.il/lt/1081,איך מגיעים למונטזומה?,lt,הגעה ותחבורה,שירותי,
גרינגו,https://gringo.co.il/lt/1873,איך מגיעים למורו דה סאו פאולו?,lt,הגעה ותחבורה,שירותי,
גרינגו,https://gringo.co.il/lt/1861,איך מגיעים למוריג'ו?,lt,הגעה ותחבורה,שירותי,
גרינגו,https://gringo.co.il/lt/1964,איך מגיעים למזונטה,lt,הגעה ותחבורה,שירותי,
גרינגו,https://gringo.co.il/lt/1052,איך מגיעים למזטלן?,lt,הגעה ותחבורה,שירותי,
גרינגו,https://gringo.co.il/lt/1929,איך מגיעים למינקה?,lt,הגעה ותחבורה,שירותי,
גרינגו,https://gringo.co.il/lt/1281,איך מגיעים למנואל אנטוניו?,lt,הגעה ותחבורה,שירותי,
גרינגו,https://gringo.co.il/lt/344,איך מגיעים למנקורה?,lt,הגעה ותחבורה,שירותי,
גרינגו,https://gringo.co.il/lt/2180,איך מגיעים למקומות בארגנטינה?,lt,הגעה ותחבורה,שירותי,
גרינגו,https://gringo.co.il/lt/2203,איך מגיעים למקומות במקסיקו?,lt,הגעה ותחבורה,שירותי,
גרינגו,https://gringo.co.il/lt/935,איך מגיעים למקסיקו סיטי?,lt,הגעה ותחבורה,שירותי,
גרינגו,https://gringo.co.il/lt/364,איך מגיעים למרגוג'י?,lt,הגעה ותחבורה,שירותי,
גרינגו,https://gringo.co.il/lt/1965,איך מגיעים למרידה?,lt,הגעה ותחבורה,שירותי,
גרינגו,https://gringo.co.il/lt/206,איך מגיעים לנאסקה?,lt,הגעה ותחבורה,שירותי,
גרינגו,https://gringo.co.il/lt/1115,איך מגיעים לנטאל?,lt,הגעה ותחבורה,שירותי,
גרינגו,https://gringo.co.il/lt/913,איך מגיעים לסיפוליטה?,lt,הגעה ותחבורה,שירותי,
גרינגו,https://gringo.co.il/lt/989,איך מגיעים לסלבדור?,lt,הגעה ותחבורה,שירותי,
גרינגו,https://gringo.co.il/lt/1100,איך מגיעים לסלנטו?,lt,הגעה ותחבורה,שירותי,
גרינגו,https://gringo.co.il/lt/870,איך מגיעים לסמוק שמפיי?,lt,הגעה ותחבורה,שירותי,
גרינגו,https://gringo.co.il/lt/1288,איך מגיעים לסן איגנסיו?,lt,הגעה ותחבורה,שירותי,
גרינגו,https://gringo.co.il/lt/705,איך מגיעים לסן חואן דל סור?,lt,הגעה ותחבורה,שירותי,
גרינגו,https://gringo.co.il/lt/1064,איך מגיעים לסן חיל?,lt,הגעה ותחבורה,שירותי,
גרינגו,https://gringo.co.il/lt/643,איך מגיעים לסן מרקוס?,lt,הגעה ותחבורה,שירותי,
גרינגו,https://gringo.co.il/lt/598,איך מגיעים לסן פדרו דה אטקאמה?,lt,הגעה ותחבורה,שירותי,
גרינגו,https://gringo.co.il/lt/765,איך מגיעים לסן פדרו סולה?,lt,הגעה ותחבורה,שירותי,
גרינגו,https://gringo.co.il/lt/2251,"איך מגיעים לסן פדרו, בליז?",lt,הגעה ותחבורה,שירותי,
גרינגו,https://gringo.co.il/lt/690,איך מגיעים לסנטה קטלינה?,lt,הגעה ותחבורה,שירותי,
גרינגו,https://gringo.co.il/lt/496,איך מגיעים לסנטה קרוז?,lt,הגעה ותחבורה,שירותי,
גרינגו,https://gringo.co.il/lt/454,איך מגיעים לסנטיאגו?,lt,הגעה ותחבורה,שירותי,
גרינגו,https://gringo.co.il/lt/236,איך מגיעים לפארק טיירונה?,lt,הגעה ותחבורה,שירותי,
גרינגו,https://gringo.co.il/lt/1276,איך מגיעים לפארקאס?,lt,הגעה ותחבורה,שירותי,
גרינגו,https://gringo.co.il/lt/906,איך מגיעים לפוארטו אסקונדידו?,lt,הגעה ותחבורה,שירותי,
גרינגו,https://gringo.co.il/lt/539,איך מגיעים לפוארטו ואראס?,lt,הגעה ותחבורה,שירותי,
גרינגו,https://gringo.co.il/lt/559,איך מגיעים לפוארטו וייחו?,lt,הגעה ותחבורה,שירותי,
גרינגו,https://gringo.co.il/lt/800,איך מגיעים לפוארטו חימנז?,lt,הגעה ותחבורה,שירותי,
גרינגו,https://gringo.co.il/lt/526,איך מגיעים לפוארטו מונט?,lt,הגעה ותחבורה,שירותי,
גרינגו,https://gringo.co.il/lt/456,איך מגיעים לפוארטו נטאלס?,lt,הגעה ותחבורה,שירותי,
גרינגו,https://gringo.co.il/lt/2174,איך מגיעים לפוטוסי?,lt,הגעה ותחבורה,שירותי,
גרינגו,https://gringo.co.il/lt/1168,איך מגיעים לפונו?,lt,הגעה ותחבורה,שירותי,
גרינגו,https://gringo.co.il/lt/1313,איך מגיעים לפונטה ארנס?,lt,הגעה ותחבורה,שירותי,
גרינגו,https://gringo.co.il/lt/2130,איך מגיעים לפונטה דל אסטה?,lt,הגעה ותחבורה,שירותי,
גרינגו,https://gringo.co.il/lt/1099,איך מגיעים לפונטה דל דיאבלו?,lt,הגעה ותחבורה,שירותי,
גרינגו,https://gringo.co.il/lt/2245,איך מגיעים לפופויו?,lt,הגעה ותחבורה,שירותי,
גרינגו,https://gringo.co.il/lt/671,איך מגיעים לפופטון?,lt,הגעה ותחבורה,שירותי,
גרינגו,https://gringo.co.il/lt/244,איך מגיעים לפורטו אלגרה?,lt,הגעה ותחבורה,שירותי,
גרינגו,https://gringo.co.il/lt/1216,איך מגיעים לפורטו דה גאלינאס?,lt,הגעה ותחבורה,שירותי,
גרינגו,https://gringo.co.il/lt/242,איך מגיעים לפורטו סגורו?,lt,הגעה ותחבורה,שירותי,
גרינגו,https://gringo.co.il/lt/501,איך מגיעים לפורטלזה?,lt,הגעה ותחבורה,שירותי,
גרינגו,https://gringo.co.il/lt/320,איך מגיעים לפיסאק?,lt,הגעה ותחבורה,שירותי,
גרינגו,https://gringo.co.il/lt/982,איך מגיעים לפיסקו?,lt,הגעה ותחבורה,שירותי,
גרינגו,https://gringo.co.il/lt/308,איך מגיעים לפיפה?,lt,הגעה ותחבורה,שירותי,
גרינגו,https://gringo.co.il/lt/1239,איך מגיעים לפיריאפוליס?,lt,הגעה ותחבורה,שירותי,
גרינגו,https://gringo.co.il/lt/2063,איך מגיעים לפלאיה ונאו?,lt,הגעה ותחבורה,שירותי,
גרינגו,https://gringo.co.il/lt/1923,איך מגיעים לפלומינו?,lt,הגעה ותחבורה,שירותי,
גרינגו,https://gringo.co.il/lt/212,איך מגיעים לפלורה?,lt,הגעה ותחבורה,שירותי,
גרינגו,https://gringo.co.il/lt/635,איך מגיעים לפלורס?,lt,הגעה ותחבורה,שירותי,
גרינגו,https://gringo.co.il/lt/916,איך מגיעים לפלנקה?,lt,הגעה ותחבורה,שירותי,
גרינגו,https://gringo.co.il/lt/1017,איך מגיעים לפנמה סיטי?,lt,הגעה ותחבורה,שירותי,
גרינגו,https://gringo.co.il/lt/972,איך מגיעים לצ'איטן?,lt,הגעה ותחבורה,שירותי,
גרינגו,https://gringo.co.il/lt/485,איך מגיעים לצ'אצ'אפויאס?,lt,הגעה ותחבורה,שירותי,
גרינגו,https://gringo.co.il/lt/835,איך מגיעים לצ'טומאל?,lt,הגעה ותחבורה,שירותי,
גרינגו,https://gringo.co.il/lt/2024,איך מגיעים לצ'ילה צ'יקו?,lt,הגעה ותחבורה,שירותי,
גרינגו,https://gringo.co.il/lt/405,איך מגיעים לצ'ילואה?,lt,הגעה ותחבורה,שירותי,
גרינגו,https://gringo.co.il/lt/657,איך מגיעים לצ'יצ'יקסטננגו?,lt,הגעה ותחבורה,שירותי,
גרינגו,https://gringo.co.il/lt/873,איך מגיעים לצ'יצ'ן איצ'ה?,lt,הגעה ותחבורה,שירותי,
גרינגו,https://gringo.co.il/lt/602,איך מגיעים לקאבו פולוניו?,lt,הגעה ותחבורה,שירותי,
גרינגו,https://gringo.co.il/lt/1251,איך מגיעים לקאבו פריו?,lt,הגעה ותחבורה,שירותי,
גרינגו,https://gringo.co.il/lt/1036,איך מגיעים לקאבו?,lt,הגעה ותחבורה,שירותי,
גרינגו,https://gringo.co.il/lt/1204,איך מגיעים לקאלאמה?,lt,הגעה ותחבורה,שירותי,
גרינגו,https://gringo.co.il/lt/861,איך מגיעים לקאלי?,lt,הגעה ותחבורה,שירותי,
גרינגו,https://gringo.co.il/lt/499,איך מגיעים לקאפורגאנה?,lt,הגעה ותחבורה,שירותי,
גרינגו,https://gringo.co.il/lt/2093,איך מגיעים לקויאבנו?,lt,הגעה ותחבורה,שירותי,
גרינגו,https://gringo.co.il/lt/2176,איך מגיעים לקופקבנה?,lt,הגעה ותחבורה,שירותי,
גרינגו,https://gringo.co.il/lt/299,איך מגיעים לקוצ'במבה?,lt,הגעה ותחבורה,שירותי,
גרינגו,https://gringo.co.il/lt/1286,איך מגיעים לקורומבה?,lt,הגעה ותחבורה,שירותי,
גרינגו,https://gringo.co.il/lt/467,איך מגיעים לקוריטיבה?,lt,הגעה ותחבורה,שירותי,
גרינגו,https://gringo.co.il/lt/1953,איך מגיעים לקחמרקה?,lt,הגעה ותחבורה,שירותי,
גרינגו,https://gringo.co.il/lt/1129,איך מגיעים לקיי קולקר?,lt,הגעה ותחבורה,שירותי,
גרינגו,https://gringo.co.il/lt/820,איך מגיעים לקנקון?,lt,הגעה ותחבורה,שירותי,
גרינגו,https://gringo.co.il/lt/805,איך מגיעים לקפוס?,lt,הגעה ותחבורה,שירותי,
גרינגו,https://gringo.co.il/lt/740,איך מגיעים לרואטן?,lt,הגעה ותחבורה,שירותי,
גרינגו,https://gringo.co.il/lt/984,איך מגיעים לרורהנבאקה?,lt,הגעה ותחבורה,שירותי,
גרינגו,https://gringo.co.il/lt/988,איך מגיעים לריו דה ז'נרו?,lt,הגעה ותחבורה,שירותי,
גרינגו,https://gringo.co.il/lt/880,איך מגיעים לריו דולסה?,lt,הגעה ותחבורה,שירותי,
גרינגו,https://gringo.co.il/lt/346,איך מגיעים לרסיפה?,lt,הגעה ותחבורה,שירותי,
גרינגו,https://gringo.co.il/lt/664,איך מגיעים לשֶלָה?,lt,הגעה ותחבורה,שירותי,
גרינגו,https://gringo.co.il/lt/1073,איך מגיעים לתמרינדו?,lt,הגעה ותחבורה,שירותי,
גרינגו,https://gringo.co.il/lt/1425,"איליה דו מל, ברזיל - אטרקציות ודרכי הגעה לאיליה דו מל",lt,הגעה ותחבורה,שירותי,
גרינגו,https://gringo.co.il/lt/1643,"איסלה מוחרס, מקסיקו – דרכי הגעה, אטרקציות וחופים",lt,הגעה ותחבורה,שירותי,
גרינגו,https://gringo.co.il/lt/1362,"אל בולסון - דרכי הגעה, אטרקציות וטיולים והחווה הישראלית",lt,הגעה ותחבורה,שירותי,
גרינגו,https://gringo.co.il/lt/1363,"אל צ'אלטן - טרק הפיץ רוי, דרכי הגעה וטרקים נוספים",lt,הגעה ותחבורה,שירותי,
גרינגו,https://gringo.co.il/lt/1365,"אל קלפטה, ארגנטינה - דרכי הגעה, הקרחון המתנפץ וסיורים",lt,הגעה ותחבורה,שירותי,
גרינגו,https://gringo.co.il/lt/1529,"בואנה ויסטה, בוליביה – דרכי הגעה, אטרקציות וסוכנויות מומלצות",lt,הגעה ותחבורה,שירותי,
גרינגו,https://gringo.co.il/lt/1420,"בוניטו, ברזיל – בריכות טבעיות, אטרקציות ודרכי הגעה",lt,הגעה ותחבורה,שירותי,
גרינגו,https://gringo.co.il/lt/1530,"ברמחו, בוליביה – דרכי הגעה, אטרקציות ומעבר הגבול עם ארגנטינה",lt,הגעה ותחבורה,שירותי,
גרינגו,https://gringo.co.il/lt/1561,"גואטמלה סיטי, גואטמלה - דרכי הגעה ואטרקציות בגואטמלה סיטי",lt,הגעה ותחבורה,שירותי,
גרינגו,https://gringo.co.il/lt/1451,"גואיאקיל, אקוודור – דרכי הגעה, סיורים ואתרים בעיר",lt,הגעה ותחבורה,שירותי,
גרינגו,https://gringo.co.il/lt/2189,דרכי הגעה והתניידות בברזיל,lt,הגעה ותחבורה,שירותי,
גרינגו,https://gringo.co.il/lt/25,דרכי הגעה והתניידות בפרו,lt,הגעה ותחבורה,שירותי,
גרינגו,https://gringo.co.il/lt/2138,דרכי הגעה ללה פלומה וללה פדררה,lt,הגעה ותחבורה,שירותי,
גרינגו,https://gringo.co.il/lt/2187,דרכי ההגעה בבוליביה,lt,הגעה ותחבורה,שירותי,
גרינגו,https://gringo.co.il/lt/125,דרכי ההגעה בקוסטה ריקה,lt,הגעה ותחבורה,שירותי,
גרינגו,https://gringo.co.il/lt/1053,התניידות במזטלן,lt,הגעה ותחבורה,שירותי,
גרינגו,https://gringo.co.il/lt/1199,התניידות ואיך מגיעים לורגרה?,lt,הגעה ותחבורה,שירותי,
גרינגו,https://gringo.co.il/lt/100,התניידות ודרכי הגעה בגואטמלה,lt,הגעה ותחבורה,שירותי,
גרינגו,https://gringo.co.il/lt/47,התניידות ודרכי הגעה בצ'ילה,lt,הגעה ותחבורה,שירותי,
גרינגו,https://gringo.co.il/lt/2050,התניידות ודרכי הגעה בקולומביה,lt,הגעה ותחבורה,שירותי,
גרינגו,https://gringo.co.il/lt/1394,"ויה טונארי, בוליביה - דרכי הגעה, התנדבות עם חיות ופארקים",lt,הגעה ותחבורה,שירותי,
גרינגו,https://gringo.co.il/lt/1379,"חוחוי, ארגנטינה – דרכי הגעה, מדבר המלח וטעימות יין",lt,הגעה ותחבורה,שירותי,
גרינגו,https://gringo.co.il/lt/1644,"טולום, מקסיקו – אטרקציות מומלצות, התניידות ואיפה ישנים",lt,הגעה ותחבורה,שירותי,
גרינגו,https://gringo.co.il/lt/1550,"טנה, אקוודור - דרכי הגעה, אטרקציות וסוכנויות מומלצות",lt,הגעה ותחבורה,שירותי,
גרינגו,https://gringo.co.il/lt/525,יעדים מפוארטו מונט,lt,הגעה ותחבורה,שירותי,
גרינגו,https://gringo.co.il/lt/1526,"מינדו, אקוודור – גן עדן לחובבי הציפורים, אטרקציות ודרכי הגעה",lt,הגעה ותחבורה,שירותי,
גרינגו,https://gringo.co.il/lt/1359,"מנדוסה, ארגנטינה – סיורי יקבים, דרכי הגעה ואטרקציות מומלצות",lt,הגעה ותחבורה,שירותי,
גרינגו,https://gringo.co.il/lt/1384,"מפלי האיגואסו - דרכי הגעה, השוואה בין הצדדים ואטרקציות באזור",lt,הגעה ותחבורה,שירותי,
גרינגו,https://gringo.co.il/lt/1448,"סאלטו, אורוגוואי – דרכי הגעה ואטרקציות מומלצות",lt,הגעה ותחבורה,שירותי,
גרינגו,https://gringo.co.il/lt/1395,"סוקרה, בוליביה - טרק הכפרים, דרכי הגעה ואטרקציות",lt,הגעה ותחבורה,שירותי,
גרינגו,https://gringo.co.il/lt/1515,"סמאיפאטה, בוליביה – דרכי הגעה, אטרקציות ומקומות יפים",lt,הגעה ותחבורה,שירותי,
גרינגו,https://gringo.co.il/lt/1466,"סן אנדרס, קולומביה – איך מגיעים, מפת המלצות ואטרקציות באי",lt,הגעה ותחבורה,שירותי,
גרינגו,https://gringo.co.il/lt/1461,"סנטה מרתה, קולומביה – חופים, חיי לילה ודרכי הגעה",lt,הגעה ותחבורה,שירותי,
גרינגו,https://gringo.co.il/lt/1457,"פארק טיירונה, קולומביה - חופים, לינה, דרכי הגעה ומחירים",lt,הגעה ותחבורה,שירותי,
גרינגו,https://gringo.co.il/lt/1482,"פוארטו לופז, אקוודור - צפייה בלוויתנים, דרכי הגעה ואטרקציות",lt,הגעה ותחבורה,שירותי,
גרינגו,https://gringo.co.il/lt/1982,"פוארטו מלדונדו, פרו – דרכי הגעה, אטרקציות וחוויות",lt,הגעה ותחבורה,שירותי,
גרינגו,https://gringo.co.il/lt/1434,"פוקון, צ'ילה - דרכי הגעה, אטרקציות וסוכנויות מומלצות",lt,הגעה ותחבורה,שירותי,
גרינגו,https://gringo.co.il/lt/1645,"פלאיה דל כרמן - דרכי הגעה, אטרקציות ומסעדות כשרות",lt,הגעה ותחבורה,שירותי,
גרינגו,https://gringo.co.il/lt/1564,"פלורס, גואטמלה – אטרקציות, טיולים ודרכי הגעה",lt,הגעה ותחבורה,שירותי,
גרינגו,https://gringo.co.il/lt/1479,"קואנקה, אקוודור – דרכי הגעה, אטרקציות ומעיינות חמים",lt,הגעה ותחבורה,שירותי,
גרינגו,https://gringo.co.il/lt/1453,"קיטו, אקוודור - אטרקציות וסיורים, התניידות ותצפיות",lt,הגעה ותחבורה,שירותי,
גרינגו,https://gringo.co.il/lt/1459,"קרטחנה, קולומביה – חיי לילה, דרכי הגעה, אטרקציות וחופים",lt,הגעה ותחבורה,שירותי,
גרינגו,https://gringo.co.il/lt/1489,"רוסאריו, ארגנטינה – דרכי הגעה, אטרקציות, קהילה יהודית ולינה",lt,הגעה ותחבורה,שירותי,
גרינגו,https://gringo.co.il/lt/1364,"אושואיה, ארגנטינה - איפה לישון, טרקים, מפת המלצות ומסעדות",lt,לינה,שירותי,
גרינגו,https://gringo.co.il/lt/1906,איפה לישון בגרמדו?,lt,לינה,שירותי,
גרינגו,https://gringo.co.il/lt/541,איפה לישון בפרננדו דה נורניה,lt,לינה,שירותי,
גרינגו,https://gringo.co.il/lt/1289,איפה לישון בקומבוקו?,lt,לינה,שירותי,
גרינגו,https://gringo.co.il/lt/1907,איפה לישון בקמברה דו סול?,lt,לינה,שירותי,
גרינגו,https://gringo.co.il/lt/380,איפה לישון בקנואה קברדה?,lt,לינה,שירותי,
גרינגו,https://gringo.co.il/lt/1905,איפה לישון בקנלה?,lt,לינה,שירותי,
גרינגו,https://gringo.co.il/lt/1342,"בואנוס איירס - איפה לישון, חיי לילה, כסף, מפת המלצות וקניות",lt,לינה,שירותי,
גרינגו,https://gringo.co.il/text/271,"בואנוס איירס - איפה לישון, חיי לילה, כסף, מפת המלצות וקניות",text,לינה,שירותי,
גרינגו,https://gringo.co.il/lt/161,בקתות ובתי הארחה מומלצים באל בולסון,lt,לינה,שירותי,
גרינגו,https://gringo.co.il/lt/2277,בקתות ודירות מומלצות בפוארטו נטאלס,lt,לינה,שירותי,
גרינגו,https://gringo.co.il/lt/2027,בקתות ודירות מומלצות בקויאיקה,lt,לינה,שירותי,
גרינגו,https://gringo.co.il/lt/1360,"ברילוצ'ה - איפה לישון, מפת המלצות, טרקים ואטרקציות",lt,לינה,שירותי,
גרינגו,https://gringo.co.il/lt/584,בתי מלון מומלצים בקוטופקסי,lt,לינה,שירותי,
גרינגו,https://gringo.co.il/lt/274,דירות ובקתות מומלצות בפוקון,lt,לינה,שירותי,
גרינגו,https://gringo.co.il/lt/1835,דירות והוסטלים מומלצים בגוואלגואיצ´ו,lt,לינה,שירותי,
גרינגו,https://gringo.co.il/lt/1911,דירות ומלונות מומלצים בלטיסיה,lt,לינה,שירותי,
גרינגו,https://gringo.co.il/lt/2265,דירות ומלונות מומלצים בקולומביה מניסיון של ישראלים,lt,לינה,שירותי,
גרינגו,https://gringo.co.il/lt/2293,דירות מומלצות באוביטה,lt,לינה,שירותי,
גרינגו,https://gringo.co.il/lt/2272,דירות מומלצות באוצ'ו ריוס,lt,לינה,שירותי,
גרינגו,https://gringo.co.il/lt/2284,דירות מומלצות באורו פרטו,lt,לינה,שירותי,
גרינגו,https://gringo.co.il/lt/1299,דירות מומלצות באושואיה 🏠,lt,לינה,שירותי,
גרינגו,https://gringo.co.il/lt/2121,דירות מומלצות באי איזבלה,lt,לינה,שירותי,
גרינגו,https://gringo.co.il/lt/2122,דירות מומלצות באי סן קריסטובל,lt,לינה,שירותי,
גרינגו,https://gringo.co.il/lt/193,דירות מומלצות באיטקרה,lt,לינה,שירותי,
גרינגו,https://gringo.co.il/lt/1164,דירות מומלצות באיליה גרנדה,lt,לינה,שירותי,
גרינגו,https://gringo.co.il/lt/1210,דירות מומלצות באיסלה מוחרס,lt,לינה,שירותי,
גרינגו,https://gringo.co.il/lt/1975,דירות מומלצות באיקיטוס,lt,לינה,שירותי,
גרינגו,https://gringo.co.il/lt/1029,דירות מומלצות באל צ'אלטן,lt,לינה,שירותי,
גרינגו,https://gringo.co.il/lt/1153,דירות מומלצות באל קלפטה,lt,לינה,שירותי,
גרינגו,https://gringo.co.il/lt/629,דירות מומלצות באנטיגואה,lt,לינה,שירותי,
גרינגו,https://gringo.co.il/lt/1813,דירות מומלצות בארגנטינה מניסיון של ישראלים,lt,לינה,שירותי,
גרינגו,https://gringo.co.il/lt/1261,דירות מומלצות בבאניוס,lt,לינה,שירותי,
גרינגו,https://gringo.co.il/lt/150,דירות מומלצות בבואנוס איירס,lt,לינה,שירותי,
גרינגו,https://gringo.co.il/lt/247,דירות מומלצות בבוגוטה,lt,לינה,שירותי,
גרינגו,https://gringo.co.il/lt/2280,דירות מומלצות בבוזיוס,lt,לינה,שירותי,
גרינגו,https://gringo.co.il/lt/1175,דירות מומלצות בבוקאס דל טורו,lt,לינה,שירותי,
גרינגו,https://gringo.co.il/lt/2306,דירות מומלצות בבוקטה,lt,לינה,שירותי,
גרינגו,https://gringo.co.il/lt/2288,דירות מומלצות בבקלאר,lt,לינה,שירותי,
גרינגו,https://gringo.co.il/lt/1,דירות מומלצות בברזיל,lt,לינה,שירותי,
גרינגו,https://gringo.co.il/lt/292,דירות מומלצות בברילוצ'ה,lt,לינה,שירותי,
גרינגו,https://gringo.co.il/lt/2285,דירות מומלצות בג'רי,lt,לינה,שירותי,
גרינגו,https://gringo.co.il/lt/842,דירות מומלצות בגואטמלה סיטי,lt,לינה,שירותי,
גרינגו,https://gringo.co.il/lt/2307,דירות מומלצות בדויד,lt,לינה,שירותי,
גרינגו,https://gringo.co.il/lt/2227,דירות מומלצות בדרייק ביי,lt,לינה,שירותי,
גרינגו,https://gringo.co.il/lt/280,דירות מומלצות בהוארז,lt,לינה,שירותי,
גרינגו,https://gringo.co.il/lt/1304,דירות מומלצות בהולבוש,lt,לינה,שירותי,
גרינגו,https://gringo.co.il/lt/993,דירות מומלצות בחאקו,lt,לינה,שירותי,
גרינגו,https://gringo.co.il/lt/1962,דירות מומלצות בחוחוי,lt,לינה,שירותי,
גרינגו,https://gringo.co.il/lt/1824,דירות מומלצות בטולום,lt,לינה,שירותי,
גרינגו,https://gringo.co.il/lt/2300,דירות מומלצות בטורטוגרו,lt,לינה,שירותי,
גרינגו,https://gringo.co.il/lt/354,דירות מומלצות בלה פאז,lt,לינה,שירותי,
גרינגו,https://gringo.co.il/lt/1187,דירות מומלצות בלה פורטונה,lt,לינה,שירותי,
גרינגו,https://gringo.co.il/lt/2030,דירות מומלצות בלימה מניסיון של ישראלים,lt,לינה,שירותי,
גרינגו,https://gringo.co.il/lt/2282,דירות מומלצות בלנסויס שפאדה,lt,לינה,שירותי,
גרינגו,https://gringo.co.il/lt/239,דירות מומלצות במדג'ין,lt,לינה,שירותי,
גרינגו,https://gringo.co.il/lt/2294,דירות מומלצות במונטה ורדה (סנטה אלנה),lt,לינה,שירותי,
גרינגו,https://gringo.co.il/lt/2295,דירות מומלצות במונטזומה,lt,לינה,שירותי,
גרינגו,https://gringo.co.il/lt/1095,דירות מומלצות במונטניטה,lt,לינה,שירותי,
גרינגו,https://gringo.co.il/lt/1872,דירות מומלצות במורו,lt,לינה,שירותי,
גרינגו,https://gringo.co.il/lt/2151,דירות מומלצות במנדוסה,lt,לינה,שירותי,
גרינגו,https://gringo.co.il/lt/2296,דירות מומלצות במנואל אנטוניו,lt,לינה,שירותי,
גרינגו,https://gringo.co.il/lt/2049,דירות מומלצות במקסיקו,lt,לינה,שירותי,
גרינגו,https://gringo.co.il/lt/894,דירות מומלצות במקסיקו סיטי,lt,לינה,שירותי,
גרינגו,https://gringo.co.il/lt/502,דירות מומלצות בסאו פאולו,lt,לינה,שירותי,
גרינגו,https://gringo.co.il/lt/183,דירות מומלצות בסלבדור,lt,לינה,שירותי,
גרינגו,https://gringo.co.il/lt/232,דירות מומלצות בסלטה,lt,לינה,שירותי,
גרינגו,https://gringo.co.il/lt/1919,דירות מומלצות בסן אנדרס מניסיון של ישראלים,lt,לינה,שירותי,
גרינגו,https://gringo.co.il/lt/793,דירות מומלצות בסן חוזה,lt,לינה,שירותי,
גרינגו,https://gringo.co.il/lt/2037,דירות מומלצות בסן מרטין,lt,לינה,שירותי,
גרינגו,https://gringo.co.il/lt/1128,דירות מומלצות בסן פדרו,lt,לינה,שירותי,
גרינגו,https://gringo.co.il/lt/824,דירות מומלצות בסן קריסטובל,lt,לינה,שירותי,
גרינגו,https://gringo.co.il/lt/2308,דירות מומלצות בסנטה קטלינה,lt,לינה,שירותי,
גרינגו,https://gringo.co.il/lt/2230,דירות מומלצות בסנטה תרזה,lt,לינה,שירותי,
גרינגו,https://gringo.co.il/lt/1111,דירות מומלצות בפוארטו איגואסו (ארגנטינה),lt,לינה,שירותי,
גרינגו,https://gringo.co.il/lt/908,דירות מומלצות בפוארטו אסקונדידו,lt,לינה,שירותי,
גרינגו,https://gringo.co.il/lt/558,דירות מומלצות בפוארטו וייחו,lt,לינה,שירותי,
גרינגו,https://gringo.co.il/lt/2297,דירות מומלצות בפוארטו חימנז,lt,לינה,שירותי,
גרינגו,https://gringo.co.il/lt/615,דירות מומלצות בפונטה ארנס,lt,לינה,שירותי,
גרינגו,https://gringo.co.il/lt/1874,דירות מומלצות בפיפה,lt,לינה,שירותי,
גרינגו,https://gringo.co.il/lt/826,דירות מומלצות בפלאיה דל כרמן,lt,לינה,שירותי,
גרינגו,https://gringo.co.il/lt/2276,דירות מומלצות בפלאיה ונאו,lt,לינה,שירותי,
גרינגו,https://gringo.co.il/lt/1130,דירות מומלצות בפלורה,lt,לינה,שירותי,
גרינגו,https://gringo.co.il/lt/2075,דירות מומלצות בפלורס,lt,לינה,שירותי,
גרינגו,https://gringo.co.il/lt/2309,דירות מומלצות בפנמה מניסיון של ישראלים,lt,לינה,שירותי,
גרינגו,https://gringo.co.il/lt/1033,דירות מומלצות בפנמה סיטי,lt,לינה,שירותי,
גרינגו,https://gringo.co.il/lt/2302,דירות מומלצות בפרו מניסיון של ישראלים,lt,לינה,שירותי,
גרינגו,https://gringo.co.il/lt/1116,דירות מומלצות בקוזומל,lt,לינה,שירותי,
גרינגו,https://gringo.co.il/lt/1089,דירות מומלצות בקוסקו,lt,לינה,שירותי,
גרינגו,https://gringo.co.il/lt/574,דירות מומלצות בקיטו מניסיון של ישראלים,lt,לינה,שירותי,
גרינגו,https://gringo.co.il/lt/817,דירות מומלצות בקנקון,lt,לינה,שירותי,
גרינגו,https://gringo.co.il/lt/2038,דירות מומלצות בקפאז'טה,lt,לינה,שירותי,
גרינגו,https://gringo.co.il/lt/2298,דירות מומלצות בקפוס,lt,לינה,שירותי,
גרינגו,https://gringo.co.il/lt/1324,דירות מומלצות בקרטחנה מניסיון של ישראלים,lt,לינה,שירותי,
גרינגו,https://gringo.co.il/lt/1878,דירות מומלצות בריו דה ז'נרו,lt,לינה,שירותי,
גרינגו,https://gringo.co.il/lt/335,דירות מומלצות ברסיפה,lt,לינה,שירותי,
גרינגו,https://gringo.co.il/lt/2299,דירות מומלצות בתמרינדו,lt,לינה,שירותי,
גרינגו,https://gringo.co.il/lt/1746,"הולבוש, מקסיקו - הגעה, אטרקציות ומקומות לינה מומלצים",lt,לינה,שירותי,
גרינגו,https://gringo.co.il/lt/1212,הוסטלים באגם קלימה,lt,לינה,שירותי,
גרינגו,https://gringo.co.il/lt/846,הוסטלים במקסיקו סיטי,lt,לינה,שירותי,
גרינגו,https://gringo.co.il/lt/309,הוסטלים בסן פדרו דה אטאקמה,lt,לינה,שירותי,
גרינגו,https://gringo.co.il/lt/1097,הוסטלים בפונטה דל דיאבלו,lt,לינה,שירותי,
גרינגו,https://gringo.co.il/lt/481,הוסטלים בקאלאמה,lt,לינה,שירותי,
גרינגו,https://gringo.co.il/lt/430,הוסטלים בקולוניה דל סקרמנטו,lt,לינה,שירותי,
גרינגו,https://gringo.co.il/lt/2184,הוסטלים ומלונות מומלצים באורוגוואי,lt,לינה,שירותי,
גרינגו,https://gringo.co.il/lt/258,הוסטלים מומלצים באגואס קליינטס,lt,לינה,שירותי,
גרינגו,https://gringo.co.il/lt/544,הוסטלים מומלצים באובטובה,lt,לינה,שירותי,
גרינגו,https://gringo.co.il/lt/2222,הוסטלים מומלצים באוביטה,lt,לינה,שירותי,
גרינגו,https://gringo.co.il/lt/271,הוסטלים מומלצים באוטבלו,lt,לינה,שירותי,
גרינגו,https://gringo.co.il/lt/425,הוסטלים מומלצים באויאנטאיטמבו,lt,לינה,שירותי,
גרינגו,https://gringo.co.il/lt/283,הוסטלים מומלצים באויוני,lt,לינה,שירותי,
גרינגו,https://gringo.co.il/lt/316,הוסטלים מומלצים באולינדה,lt,לינה,שירותי,
גרינגו,https://gringo.co.il/lt/722,הוסטלים מומלצים באומטפה,lt,לינה,שירותי,
גרינגו,https://gringo.co.il/lt/609,הוסטלים מומלצים באוסורנו,lt,לינה,שירותי,
גרינגו,https://gringo.co.il/lt/2270,הוסטלים מומלצים באוצ'ו ריוס,lt,לינה,שירותי,
גרינגו,https://gringo.co.il/lt/460,הוסטלים מומלצים באורו פרטו,lt,לינה,שירותי,
גרינגו,https://gringo.co.il/lt/1957,הוסטלים מומלצים באורובמבה,lt,לינה,שירותי,
גרינגו,https://gringo.co.il/lt/265,הוסטלים מומלצים באושואיה 🛏️,lt,לינה,שירותי,
גרינגו,https://gringo.co.il/lt/2104,הוסטלים מומלצים באי איזבלה,lt,לינה,שירותי,
גרינגו,https://gringo.co.il/lt/2106,הוסטלים מומלצים באי סנטה קרוז,lt,לינה,שירותי,
גרינגו,https://gringo.co.il/lt/192,הוסטלים מומלצים באיטקרה,lt,לינה,שירותי,
גרינגו,https://gringo.co.il/lt/1996,הוסטלים מומלצים באיי הפסחא,lt,לינה,שירותי,
גרינגו,https://gringo.co.il/lt/1235,הוסטלים מומלצים באיליה בלה,lt,לינה,שירותי,
גרינגו,https://gringo.co.il/lt/503,הוסטלים מומלצים באיליה גרנדה,lt,לינה,שירותי,
גרינגו,https://gringo.co.il/lt/806,הוסטלים מומלצים באיסלה מוחרס,lt,לינה,שירותי,
גרינגו,https://gringo.co.il/lt/340,הוסטלים מומלצים באיקיטוס,lt,לינה,שירותי,
גרינגו,https://gringo.co.il/lt/383,הוסטלים מומלצים באיקיקה,lt,לינה,שירותי,
גרינגו,https://gringo.co.il/lt/160,הוסטלים מומלצים באל בולסון,lt,לינה,שירותי,
גרינגו,https://gringo.co.il/lt/1124,הוסטלים מומלצים באל ואייה דה אנטון,lt,לינה,שירותי,
גרינגו,https://gringo.co.il/lt/1260,הוסטלים מומלצים באל טונקו,lt,לינה,שירותי,
גרינגו,https://gringo.co.il/lt/647,הוסטלים מומלצים באל פרדון,lt,לינה,שירותי,
גרינגו,https://gringo.co.il/lt/369,הוסטלים מומלצים באל צ'אלטן,lt,לינה,שירותי,
גרינגו,https://gringo.co.il/lt/277,הוסטלים מומלצים באל קלפטה,lt,לינה,שירותי,
גרינגו,https://gringo.co.il/lt/626,הוסטלים מומלצים באנטיגואה,lt,לינה,שירותי,
גרינגו,https://gringo.co.il/lt/1997,הוסטלים מומלצים באנקוד,lt,לינה,שירותי,
גרינגו,https://gringo.co.il/lt/696,הוסטלים מומלצים באסטלי,lt,לינה,שירותי,
גרינגו,https://gringo.co.il/lt/532,הוסטלים מומלצים באסקל,lt,לינה,שירותי,
גרינגו,https://gringo.co.il/lt/2185,הוסטלים מומלצים באקוודור מניסיון של ישראלים,lt,לינה,שירותי,
גרינגו,https://gringo.co.il/lt/2181,הוסטלים מומלצים בארגנטינה מהמלצות של ישראלים,lt,לינה,שירותי,
גרינגו,https://gringo.co.il/lt/1233,הוסטלים מומלצים באריאל דו קאבו,lt,לינה,שירותי,
גרינגו,https://gringo.co.il/lt/362,הוסטלים מומלצים באריקה,lt,לינה,שירותי,
גרינגו,https://gringo.co.il/lt/209,הוסטלים מומלצים בארקיפה,lt,לינה,שירותי,
גרינגו,https://gringo.co.il/lt/272,הוסטלים מומלצים בבאניוס,lt,לינה,שירותי,
גרינגו,https://gringo.co.il/lt/1877,הוסטלים מומלצים בבארייריניאס,lt,לינה,שירותי,
גרינגו,https://gringo.co.il/lt/149,הוסטלים מומלצים בבואנוס איירס,lt,לינה,שירותי,
גרינגו,https://gringo.co.il/lt/1827,הוסטלים מומלצים בבוגוטה,lt,לינה,שירותי,
גרינגו,https://gringo.co.il/lt/184,הוסטלים מומלצים בבוזיוס,lt,לינה,שירותי,
גרינגו,https://gringo.co.il/lt/41,הוסטלים מומלצים בבוליביה מניסיון של ישראלים,lt,לינה,שירותי,
גרינגו,https://gringo.co.il/lt/338,הוסטלים מומלצים בבוניטו,lt,לינה,שירותי,
גרינגו,https://gringo.co.il/lt/686,הוסטלים מומלצים בבוקאס דל טורו,lt,לינה,שירותי,
גרינגו,https://gringo.co.il/lt/681,הוסטלים מומלצים בבוקטה,lt,לינה,שירותי,
גרינגו,https://gringo.co.il/lt/1889,הוסטלים מומלצים בבקלאר,lt,לינה,שירותי,
גרינגו,https://gringo.co.il/lt/2190,הוסטלים מומלצים בברזיל,lt,לינה,שירותי,
גרינגו,https://gringo.co.il/lt/156,הוסטלים מומלצים בברילוצ'ה,lt,לינה,שירותי,
גרינגו,https://gringo.co.il/lt/330,הוסטלים מומלצים בברנקייה,lt,לינה,שירותי,
גרינגו,https://gringo.co.il/lt/187,הוסטלים מומלצים בג'רי,lt,לינה,שירותי,
גרינגו,https://gringo.co.il/lt/2201,הוסטלים מומלצים בגואטמלה,lt,לינה,שירותי,
גרינגו,https://gringo.co.il/lt/1855,הוסטלים מומלצים בגואטמלה סיטי,lt,לינה,שירותי,
גרינגו,https://gringo.co.il/lt/1914,הוסטלים מומלצים בגואטפה,lt,לינה,שירותי,
גרינגו,https://gringo.co.il/lt/471,הוסטלים מומלצים בגואיאקיל,lt,לינה,שירותי,
גרינגו,https://gringo.co.il/lt/1279,הוסטלים מומלצים בגרנדה,lt,לינה,שירותי,
גרינגו,https://gringo.co.il/lt/691,הוסטלים מומלצים בדויד,lt,לינה,שירותי,
גרינגו,https://gringo.co.il/lt/1228,הוסטלים מומלצים בדומיניקל,lt,לינה,שירותי,
גרינגו,https://gringo.co.il/lt/1842,הוסטלים מומלצים בדרייק ביי,lt,לינה,שירותי,
גרינגו,https://gringo.co.il/lt/278,הוסטלים מומלצים בהוארז,lt,לינה,שירותי,
גרינגו,https://gringo.co.il/lt/1303,הוסטלים מומלצים בהולבוש,lt,לינה,שירותי,
גרינגו,https://gringo.co.il/lt/448,הוסטלים מומלצים בואלדיביה,lt,לינה,שירותי,
גרינגו,https://gringo.co.il/lt/605,הוסטלים מומלצים בואלפראיסו,lt,לינה,שירותי,
גרינגו,https://gringo.co.il/lt/877,הוסטלים מומלצים בוואחאקה סיטי,lt,לינה,שירותי,
גרינגו,https://gringo.co.il/lt/197,הוסטלים מומלצים בוואקאצ'ינה,lt,לינה,שירותי,
גרינגו,https://gringo.co.il/lt/603,הוסטלים מומלצים בויניה דל מאר,lt,לינה,שירותי,
גרינגו,https://gringo.co.il/lt/960,הוסטלים מומלצים בחאקו,lt,לינה,שירותי,
גרינגו,https://gringo.co.il/lt/775,הוסטלים מומלצים בחואיואה,lt,לינה,שירותי,
גרינגו,https://gringo.co.il/lt/415,הוסטלים מומלצים בחוחוי,lt,לינה,שירותי,
גרינגו,https://gringo.co.il/lt/1936,הוסטלים מומלצים בחרדין,lt,לינה,שירותי,
גרינגו,https://gringo.co.il/lt/234,הוסטלים מומלצים בטגנגה,lt,לינה,שירותי,
גרינגו,https://gringo.co.il/lt/810,הוסטלים מומלצים בטולום,lt,לינה,שירותי,
גרינגו,https://gringo.co.il/lt/2170,הוסטלים מומלצים בטופיזה,lt,לינה,שירותי,
גרינגו,https://gringo.co.il/lt/266,הוסטלים מומלצים בטוקומאן,lt,לינה,שירותי,
גרינגו,https://gringo.co.il/lt/547,הוסטלים מומלצים בטורטוגרו,lt,לינה,שירותי,
גרינגו,https://gringo.co.il/lt/579,הוסטלים מומלצים בטנה,lt,לינה,שירותי,
גרינגו,https://gringo.co.il/lt/279,הוסטלים מומלצים בטרוחיו,lt,לינה,שירותי,
גרינגו,https://gringo.co.il/lt/715,הוסטלים מומלצים בלאון,lt,לינה,שירותי,
גרינגו,https://gringo.co.il/lt/1163,הוסטלים מומלצים בלגונה דה אפויו,lt,לינה,שירותי,
גרינגו,https://gringo.co.il/lt/284,הוסטלים מומלצים בלה פאז,lt,לינה,שירותי,
גרינגו,https://gringo.co.il/lt/2140,הוסטלים מומלצים בלה פדררה,lt,לינה,שירותי,
גרינגו,https://gringo.co.il/lt/797,הוסטלים מומלצים בלה פורטונה,lt,לינה,שירותי,
גרינגו,https://gringo.co.il/lt/2139,הוסטלים מומלצים בלה פלומה,lt,לינה,שירותי,
גרינגו,https://gringo.co.il/lt/322,הוסטלים מומלצים בלטיסיה,lt,לינה,שירותי,
גרינגו,https://gringo.co.il/lt/1082,הוסטלים מומלצים בלימה ליד שדה התעופה,lt,לינה,שירותי,
גרינגו,https://gringo.co.il/lt/255,הוסטלים מומלצים בלימה מניסיון של ישראלים,lt,לינה,שירותי,
גרינגו,https://gringo.co.il/lt/1845,הוסטלים מומלצים בלנסויס שפאדה,lt,לינה,שירותי,
גרינגו,https://gringo.co.il/lt/482,הוסטלים מומלצים במאר דל פלטה,lt,לינה,שירותי,
גרינגו,https://gringo.co.il/lt/1941,הוסטלים מומלצים במדבר טטקואה,lt,לינה,שירותי,
גרינגו,https://gringo.co.il/lt/233,הוסטלים מומלצים במדג'ין,lt,לינה,שירותי,
גרינגו,https://gringo.co.il/lt/1151,הוסטלים מומלצים במונטגו ביי,lt,לינה,שירותי,
גרינגו,https://gringo.co.il/lt/1131,הוסטלים מומלצים במונטה ורדה (סנטה אלנה),lt,לינה,שירותי,
גרינגו,https://gringo.co.il/lt/285,הוסטלים מומלצים במונטווידאו,lt,לינה,שירותי,
גרינגו,https://gringo.co.il/lt/1078,הוסטלים מומלצים במונטזומה,lt,לינה,שירותי,
גרינגו,https://gringo.co.il/lt/268,הוסטלים מומלצים במונטניטה,lt,לינה,שירותי,
גרינגו,https://gringo.co.il/lt/174,הוסטלים מומלצים במורו,lt,לינה,שירותי,
גרינגו,https://gringo.co.il/lt/1927,הוסטלים מומלצים במוריג'ו,lt,לינה,שירותי,
גרינגו,https://gringo.co.il/lt/1003,הוסטלים מומלצים במינדו,lt,לינה,שירותי,
גרינגו,https://gringo.co.il/lt/1931,הוסטלים מומלצים במינקה,lt,לינה,שירותי,
גרינגו,https://gringo.co.il/lt/359,הוסטלים מומלצים במנאוס,lt,לינה,שירותי,
גרינגו,https://gringo.co.il/lt/252,הוסטלים מומלצים במנדוסה,lt,לינה,שירותי,
גרינגו,https://gringo.co.il/lt/1167,הוסטלים מומלצים במנואל אנטוניו,lt,לינה,שירותי,
גרינגו,https://gringo.co.il/lt/1860,הוסטלים מומלצים במניזלס,lt,לינה,שירותי,
גרינגו,https://gringo.co.il/lt/343,הוסטלים מומלצים במנקורה,lt,לינה,שירותי,
גרינגו,https://gringo.co.il/lt/2205,הוסטלים מומלצים במקסיקו,lt,לינה,שירותי,
גרינגו,https://gringo.co.il/lt/1876,הוסטלים מומלצים במרגוג'י,lt,לינה,שירותי,
גרינגו,https://gringo.co.il/lt/205,הוסטלים מומלצים בנאסקה,lt,לינה,שירותי,
גרינגו,https://gringo.co.il/lt/958,הוסטלים מומלצים בנגריל,lt,לינה,שירותי,
גרינגו,https://gringo.co.il/lt/315,הוסטלים מומלצים בנטאל,lt,לינה,שירותי,
גרינגו,https://gringo.co.il/lt/119,הוסטלים מומלצים בניקרגואה מניסיון של ישראלים,lt,לינה,שירותי,
גרינגו,https://gringo.co.il/lt/337,הוסטלים מומלצים בסאו פאולו,lt,לינה,שירותי,
גרינגו,https://gringo.co.il/lt/288,הוסטלים מומלצים בסוקרה,lt,לינה,שירותי,
גרינגו,https://gringo.co.il/lt/180,הוסטלים מומלצים בסלבדור,lt,לינה,שירותי,
גרינגו,https://gringo.co.il/lt/227,הוסטלים מומלצים בסלטה,lt,לינה,שירותי,
גרינגו,https://gringo.co.il/lt/1096,הוסטלים מומלצים בסלנטו,lt,לינה,שירותי,
גרינגו,https://gringo.co.il/lt/492,הוסטלים מומלצים בסמאיפטה,lt,לינה,שירותי,
גרינגו,https://gringo.co.il/lt/665,הוסטלים מומלצים בסמוק שמפיי,lt,לינה,שירותי,
גרינגו,https://gringo.co.il/lt/1314,הוסטלים מומלצים בסן אגוסטין,lt,לינה,שירותי,
גרינגו,https://gringo.co.il/lt/1287,הוסטלים מומלצים בסן איגנסיו,lt,לינה,שירותי,
גרינגו,https://gringo.co.il/lt/224,הוסטלים מומלצים בסן אנדרס,lt,לינה,שירותי,
גרינגו,https://gringo.co.il/lt/703,הוסטלים מומלצים בסן חואן דל סור,lt,לינה,שירותי,
גרינגו,https://gringo.co.il/lt/792,הוסטלים מומלצים בסן חוזה,lt,לינה,שירותי,
גרינגו,https://gringo.co.il/lt/1063,הוסטלים מומלצים בסן חיל,lt,לינה,שירותי,
גרינגו,https://gringo.co.il/lt/157,הוסטלים מומלצים בסן מרטין,lt,לינה,שירותי,
גרינגו,https://gringo.co.il/lt/640,הוסטלים מומלצים בסן מרקוס,lt,לינה,שירותי,
גרינגו,https://gringo.co.il/lt/845,הוסטלים מומלצים בסן סלבדור,lt,לינה,שירותי,
גרינגו,https://gringo.co.il/lt/644,הוסטלים מומלצים בסן פדרו,lt,לינה,שירותי,
גרינגו,https://gringo.co.il/lt/764,הוסטלים מומלצים בסן פדרו סולה,lt,לינה,שירותי,
גרינגו,https://gringo.co.il/lt/2252,"הוסטלים מומלצים בסן פדרו, בליז",lt,לינה,שירותי,
גרינגו,https://gringo.co.il/lt/821,הוסטלים מומלצים בסן קריסטובל,lt,לינה,שירותי,
גרינגו,https://gringo.co.il/lt/2102,הוסטלים מומלצים בסן קריסטובל,lt,לינה,שירותי,
גרינגו,https://gringo.co.il/lt/787,הוסטלים מומלצים בסנטה אנה,lt,לינה,שירותי,
גרינגו,https://gringo.co.il/lt/261,הוסטלים מומלצים בסנטה מרתה,lt,לינה,שירותי,
גרינגו,https://gringo.co.il/lt/2060,הוסטלים מומלצים בסנטה קטלינה,lt,לינה,שירותי,
גרינגו,https://gringo.co.il/lt/493,הוסטלים מומלצים בסנטה קרוז,lt,לינה,שירותי,
גרינגו,https://gringo.co.il/lt/802,הוסטלים מומלצים בסנטה תרזה,lt,לינה,שירותי,
גרינגו,https://gringo.co.il/lt/1274,הוסטלים מומלצים בסנטיאגו,lt,לינה,שירותי,
גרינגו,https://gringo.co.il/lt/508,הוסטלים מומלצים בפאראצ'י,lt,לינה,שירותי,
גרינגו,https://gringo.co.il/lt/1977,הוסטלים מומלצים בפארקאס,lt,לינה,שירותי,
גרינגו,https://gringo.co.il/lt/1908,הוסטלים מומלצים בפוארטו איגואסו (ארגנטינה),lt,לינה,שירותי,
גרינגו,https://gringo.co.il/lt/907,הוסטלים מומלצים בפוארטו אסקונדידו,lt,לינה,שירותי,
גרינגו,https://gringo.co.il/lt/537,הוסטלים מומלצים בפוארטו ואראס,lt,לינה,שירותי,
גרינגו,https://gringo.co.il/lt/555,הוסטלים מומלצים בפוארטו וייחו,lt,לינה,שירותי,
גרינגו,https://gringo.co.il/lt/391,הוסטלים מומלצים בפוארטו מדרין,lt,לינה,שירותי,
גרינגו,https://gringo.co.il/lt/523,הוסטלים מומלצים בפוארטו מונט,lt,לינה,שירותי,
גרינגו,https://gringo.co.il/lt/1987,הוסטלים מומלצים בפוארטו מלדונדו,lt,לינה,שירותי,
גרינגו,https://gringo.co.il/lt/273,הוסטלים מומלצים בפוארטו נטאלס,lt,לינה,שירותי,
גרינגו,https://gringo.co.il/lt/2291,הוסטלים מומלצים בפוז דו איגואסו (ברזיל),lt,לינה,שירותי,
גרינגו,https://gringo.co.il/lt/2172,הוסטלים מומלצים בפוטוסי,lt,לינה,שירותי,
גרינגו,https://gringo.co.il/lt/358,הוסטלים מומלצים בפונו,lt,לינה,שירותי,
גרינגו,https://gringo.co.il/lt/259,הוסטלים מומלצים בפונטה ארנס,lt,לינה,שירותי,
גרינגו,https://gringo.co.il/lt/264,הוסטלים מומלצים בפונטה דל אסטה,lt,לינה,שירותי,
גרינגו,https://gringo.co.il/lt/735,הוסטלים מומלצים בפוקון,lt,לינה,שירותי,
גרינגו,https://gringo.co.il/lt/243,הוסטלים מומלצים בפורטו אלגרה,lt,לינה,שירותי,
גרינגו,https://gringo.co.il/lt/1214,הוסטלים מומלצים בפורטו גאלינאס,lt,לינה,שירותי,
גרינגו,https://gringo.co.il/lt/241,הוסטלים מומלצים בפורטו סגורו,lt,לינה,שירותי,
גרינגו,https://gringo.co.il/lt/445,הוסטלים מומלצים בפורטלזה,lt,לינה,שירותי,
גרינגו,https://gringo.co.il/lt/319,הוסטלים מומלצים בפיסאק,lt,לינה,שירותי,
גרינגו,https://gringo.co.il/lt/1902,הוסטלים מומלצים בפיפה,lt,לינה,שירותי,
גרינגו,https://gringo.co.il/lt/1243,הוסטלים מומלצים בפלאיה דל כרמן,lt,לינה,שירותי,
גרינגו,https://gringo.co.il/lt/1087,הוסטלים מומלצים בפלאיה ונאו,lt,לינה,שירותי,
גרינגו,https://gringo.co.il/lt/1924,הוסטלים מומלצים בפלומינו,lt,לינה,שירותי,
גרינגו,https://gringo.co.il/lt/210,הוסטלים מומלצים בפלורה,lt,לינה,שירותי,
גרינגו,https://gringo.co.il/lt/634,הוסטלים מומלצים בפלורס,lt,לינה,שירותי,
גרינגו,https://gringo.co.il/lt/666,הוסטלים מומלצים בפנחצ'ל,lt,לינה,שירותי,
גרינגו,https://gringo.co.il/lt/2211,הוסטלים מומלצים בפנמה,lt,לינה,שירותי,
גרינגו,https://gringo.co.il/lt/672,הוסטלים מומלצים בפנמה סיטי,lt,לינה,שירותי,
גרינגו,https://gringo.co.il/lt/2195,הוסטלים מומלצים בפרו מניסיון של ישראלים,lt,לינה,שירותי,
גרינגו,https://gringo.co.il/lt/483,הוסטלים מומלצים בצ'אצ'אפויאס,lt,לינה,שירותי,
גרינגו,https://gringo.co.il/lt/49,הוסטלים מומלצים בצ'ילה מניסיון של ישראלים,lt,לינה,שירותי,
גרינגו,https://gringo.co.il/lt/2132,הוסטלים מומלצים בקאבו פולוניו,lt,לינה,שירותי,
גרינגו,https://gringo.co.il/lt/1250,הוסטלים מומלצים בקאבו פריו,lt,לינה,שירותי,
גרינגו,https://gringo.co.il/lt/257,הוסטלים מומלצים בקאלי,lt,לינה,שירותי,
גרינגו,https://gringo.co.il/lt/498,הוסטלים מומלצים בקאפורגאנה,lt,לינה,שירותי,
גרינגו,https://gringo.co.il/lt/301,הוסטלים מומלצים בקואנקה,lt,לינה,שירותי,
גרינגו,https://gringo.co.il/lt/1826,הוסטלים מומלצים בקוזומל,lt,לינה,שירותי,
גרינגו,https://gringo.co.il/lt/2080,הוסטלים מומלצים בקוטופקסי,lt,לינה,שירותי,
גרינגו,https://gringo.co.il/lt/379,הוסטלים מומלצים בקויאיקה,lt,לינה,שירותי,
גרינגו,https://gringo.co.il/lt/2197,הוסטלים מומלצים בקולומביה מניסיון של ישראלים,lt,לינה,שירותי,
גרינגו,https://gringo.co.il/lt/2238,הוסטלים מומלצים בקוסטה ריקה,lt,לינה,שירותי,
גרינגו,https://gringo.co.il/lt/199,הוסטלים מומלצים בקוסקו,lt,לינה,שירותי,
גרינגו,https://gringo.co.il/lt/768,הוסטלים מומלצים בקופאן רואינאס,lt,לינה,שירותי,
גרינגו,https://gringo.co.il/lt/2175,הוסטלים מומלצים בקופקבנה,lt,לינה,שירותי,
גרינגו,https://gringo.co.il/lt/996,הוסטלים מומלצים בקוצ'במבה,lt,לינה,שירותי,
גרינגו,https://gringo.co.il/lt/167,הוסטלים מומלצים בקורדובה,lt,לינה,שירותי,
גרינגו,https://gringo.co.il/lt/378,הוסטלים מומלצים בקורומבה,lt,לינה,שירותי,
גרינגו,https://gringo.co.il/lt/466,הוסטלים מומלצים בקוריטיבה,lt,לינה,שירותי,
גרינגו,https://gringo.co.il/lt/1954,הוסטלים מומלצים בקחמרקה,lt,לינה,שירותי,
גרינגו,https://gringo.co.il/lt/256,הוסטלים מומלצים בקיטו,lt,לינה,שירותי,
גרינגו,https://gringo.co.il/lt/975,הוסטלים מומלצים בקיי קולקר,lt,לינה,שירותי,
גרינגו,https://gringo.co.il/lt/1154,הוסטלים מומלצים בקינגסטון,lt,לינה,שירותי,
גרינגו,https://gringo.co.il/lt/814,הוסטלים מומלצים בקנקון,lt,לינה,שירותי,
גרינגו,https://gringo.co.il/lt/1998,הוסטלים מומלצים בקסטרו,lt,לינה,שירותי,
גרינגו,https://gringo.co.il/lt/1246,הוסטלים מומלצים בקפאז'טה,lt,לינה,שירותי,
גרינגו,https://gringo.co.il/lt/804,הוסטלים מומלצים בקפוס,lt,לינה,שירותי,
גרינגו,https://gringo.co.il/lt/659,הוסטלים מומלצים בקצאלטנאנגו (שֶלָה),lt,לינה,שירותי,
גרינגו,https://gringo.co.il/lt/219,הוסטלים מומלצים בקרטחנה,lt,לינה,שירותי,
גרינגו,https://gringo.co.il/lt/738,הוסטלים מומלצים ברואטן,lt,לינה,שירותי,
גרינגו,https://gringo.co.il/lt/303,הוסטלים מומלצים ברוסאריו,lt,לינה,שירותי,
גרינגו,https://gringo.co.il/lt/171,הוסטלים מומלצים ברורנבאקה,lt,לינה,שירותי,
גרינגו,https://gringo.co.il/lt/216,הוסטלים מומלצים בריו דה ז'נרו,lt,לינה,שירותי,
גרינגו,https://gringo.co.il/lt/2311,הוסטלים מומלצים בריו דולסה,lt,לינה,שירותי,
גרינגו,https://gringo.co.il/lt/1909,הוסטלים מומלצים ברסיפה,lt,לינה,שירותי,
גרינגו,https://gringo.co.il/lt/1071,הוסטלים מומלצים בתמרינדו,lt,לינה,שירותי,
גרינגו,https://gringo.co.il/lt/1921,הוסטלים מומלצים ליד טיירונה,lt,לינה,שירותי,
גרינגו,https://gringo.co.il/lt/796,הוסטלים מומלצים ליד שדה התעופה בסן חוזה,lt,לינה,שירותי,
גרינגו,https://gringo.co.il/lt/1551,"לגונה קילוטואה - דרכי הגעה, טרק ומקומות לינה",lt,לינה,שירותי,
גרינגו,https://gringo.co.il/lt/1480,"לוחה, אקוודור – דרכי הגעה, אטרקציות ומקומות לינה",lt,לינה,שירותי,
גרינגו,https://gringo.co.il/lt/1464,"מדג'ין, קולומביה – מפת המלצות, מקומות לינה ואטרקציות במדג'ין",lt,לינה,שירותי,
גרינגו,https://gringo.co.il/lt/2127,מלונות בפונטה דל דיאבלו,lt,לינה,שירותי,
גרינגו,https://gringo.co.il/lt/2134,מלונות בקולוניה דל סקרמנטו,lt,לינה,שירותי,
גרינגו,https://gringo.co.il/lt/2020,מלונות ובקתות בכניסה לפארק טורס דל פיינה,lt,לינה,שירותי,
גרינגו,https://gringo.co.il/lt/2021,מלונות ובקתות בכניסה לפארק טורס דל פיינה,lt,לינה,שירותי,
גרינגו,https://gringo.co.il/lt/1988,מלונות ולודג'ים מומלצים בפוארטו מלדונדו,lt,לינה,שירותי,
גרינגו,https://gringo.co.il/lt/1899,מלונות ופוסדות מומלצות במרגוג'י,lt,לינה,שירותי,
גרינגו,https://gringo.co.il/lt/1900,מלונות ופוסדות מומלצות בפאראצ'י,lt,לינה,שירותי,
גרינגו,https://gringo.co.il/lt/1901,מלונות ופוסדות מומלצות בפורטו דה גאלינאס,lt,לינה,שירותי,
גרינגו,https://gringo.co.il/lt/158,מלונות מומלצות בסן מרטין,lt,לינה,שירותי,
גרינגו,https://gringo.co.il/lt/1828,מלונות מומלצים באגואס קליינטס,lt,לינה,שירותי,
גרינגו,https://gringo.co.il/lt/1190,מלונות מומלצים באוביטה,lt,לינה,שירותי,
גרינגו,https://gringo.co.il/lt/1850,מלונות מומלצים באוטבלו,lt,לינה,שירותי,
גרינגו,https://gringo.co.il/lt/1956,מלונות מומלצים באויאנטאיטמבו,lt,לינה,שירותי,
גרינגו,https://gringo.co.il/lt/1000,מלונות מומלצים באויוני,lt,לינה,שירותי,
גרינגו,https://gringo.co.il/lt/2241,מלונות מומלצים באומטפה,lt,לינה,שירותי,
גרינגו,https://gringo.co.il/lt/1989,מלונות מומלצים באוסורנו,lt,לינה,שירותי,
גרינגו,https://gringo.co.il/lt/2271,מלונות מומלצים באוצ'ו ריוס,lt,לינה,שירותי,
גרינגו,https://gringo.co.il/lt/1169,מלונות מומלצים באורובמבה,lt,לינה,שירותי,
גרינגו,https://gringo.co.il/lt/1159,מלונות מומלצים באושואיה 🏨,lt,לינה,שירותי,
גרינגו,https://gringo.co.il/lt/2105,מלונות מומלצים באי איזבלה,lt,לינה,שירותי,
גרינגו,https://gringo.co.il/lt/2107,מלונות מומלצים באי סנטה קרוז,lt,לינה,שירותי,
גרינגו,https://gringo.co.il/lt/1277,מלונות מומלצים באיטקרה,lt,לינה,שירותי,
גרינגו,https://gringo.co.il/lt/1995,מלונות מומלצים באיי הפסחא,lt,לינה,שירותי,
גרינגו,https://gringo.co.il/lt/1237,מלונות מומלצים באיליה בלה,lt,לינה,שירותי,
גרינגו,https://gringo.co.il/lt/2073,מלונות מומלצים באיליה גרנדה,lt,לינה,שירותי,
גרינגו,https://gringo.co.il/lt/1180,מלונות מומלצים באיסלה מוחרס,lt,לינה,שירותי,
גרינגו,https://gringo.co.il/lt/1829,מלונות מומלצים באיקה,lt,לינה,שירותי,
גרינגו,https://gringo.co.il/lt/1830,מלונות מומלצים באיקיטוס,lt,לינה,שירותי,
גרינגו,https://gringo.co.il/lt/2055,מלונות מומלצים באל ואייה דה אנטון,lt,לינה,שירותי,
גרינגו,https://gringo.co.il/lt/1259,מלונות מומלצים באל טונקו,lt,לינה,שירותי,
גרינגו,https://gringo.co.il/lt/2071,מלונות מומלצים באל פרדון,lt,לינה,שירותי,
גרינגו,https://gringo.co.il/lt/1031,מלונות מומלצים באל צ'אלטן,lt,לינה,שירותי,
גרינגו,https://gringo.co.il/lt/1024,מלונות מומלצים באל קלפטה,lt,לינה,שירותי,
גרינגו,https://gringo.co.il/lt/628,מלונות מומלצים באנטיגואה,lt,לינה,שירותי,
גרינגו,https://gringo.co.il/lt/1834,מלונות מומלצים באסקל,lt,לינה,שירותי,
גרינגו,https://gringo.co.il/lt/2264,מלונות מומלצים באקוודור מניסיון של ישראלים,lt,לינה,שירותי,
גרינגו,https://gringo.co.il/lt/899,מלונות מומלצים באקפולקו,lt,לינה,שירותי,
גרינגו,https://gringo.co.il/lt/2182,מלונות מומלצים בארגנטינה מהמלצות של ישראלים,lt,לינה,שירותי,
גרינגו,https://gringo.co.il/lt/2278,מלונות מומלצים באריאל דו קאבו,lt,לינה,שירותי,
גרינגו,https://gringo.co.il/lt/226,מלונות מומלצים בארקיפה,lt,לינה,שירותי,
גרינגו,https://gringo.co.il/lt/593,מלונות מומלצים בבאניוס,lt,לינה,שירותי,
גרינגו,https://gringo.co.il/lt/165,מלונות מומלצים בבואנוס איירס🏨,lt,לינה,שירותי,
גרינגו,https://gringo.co.il/lt/600,מלונות מומלצים בבוגוטה,lt,לינה,שירותי,
גרינגו,https://gringo.co.il/lt/2279,מלונות מומלצים בבוזיוס,lt,לינה,שירותי,
גרינגו,https://gringo.co.il/lt/40,מלונות מומלצים בבוליביה מניסיון של ישראלים,lt,לינה,שירותי,
גרינגו,https://gringo.co.il/lt/339,מלונות מומלצים בבוניטו,lt,לינה,שירותי,
גרינגו,https://gringo.co.il/lt/687,מלונות מומלצים בבוקאס דל טורו,lt,לינה,שירותי,
גרינגו,https://gringo.co.il/lt/682,מלונות מומלצים בבוקטה,lt,לינה,שירותי,
גרינגו,https://gringo.co.il/lt/1890,מלונות מומלצים בבקלאר,lt,לינה,שירותי,
גרינגו,https://gringo.co.il/lt/2191,מלונות מומלצים בברזיל,lt,לינה,שירותי,
גרינגו,https://gringo.co.il/lt/1025,מלונות מומלצים בברילוצ'ה,lt,לינה,שירותי,
גרינגו,https://gringo.co.il/lt/458,מלונות מומלצים בברנקייה,lt,לינה,שירותי,
גרינגו,https://gringo.co.il/lt/1245,מלונות מומלצים בג'רי,lt,לינה,שירותי,
גרינגו,https://gringo.co.il/lt/2267,מלונות מומלצים בגואטמלה,lt,לינה,שירותי,
גרינגו,https://gringo.co.il/lt/840,מלונות מומלצים בגואטמלה סיטי,lt,לינה,שירותי,
גרינגו,https://gringo.co.il/lt/1915,מלונות מומלצים בגואטפה,lt,לינה,שירותי,
גרינגו,https://gringo.co.il/lt/473,מלונות מומלצים בגואיאקיל,lt,לינה,שירותי,
גרינגו,https://gringo.co.il/lt/535,מלונות מומלצים בגוואלגואיצ'ו,lt,לינה,שירותי,
גרינגו,https://gringo.co.il/lt/700,מלונות מומלצים בגרנדה,lt,לינה,שירותי,
גרינגו,https://gringo.co.il/lt/2058,מלונות מומלצים בדויד,lt,לינה,שירותי,
גרינגו,https://gringo.co.il/lt/2223,מלונות מומלצים בדומיניקל,lt,לינה,שירותי,
גרינגו,https://gringo.co.il/lt/2225,מלונות מומלצים בדרייק ביי,lt,לינה,שירותי,
גרינגו,https://gringo.co.il/lt/1027,מלונות מומלצים בהוארז,lt,לינה,שירותי,
גרינגו,https://gringo.co.il/lt/2145,מלונות מומלצים בהולבוש,lt,לינה,שירותי,
גרינגו,https://gringo.co.il/lt/449,מלונות מומלצים בואלדיביה,lt,לינה,שירותי,
גרינגו,https://gringo.co.il/lt/2000,מלונות מומלצים בואלפראיסו,lt,לינה,שירותי,
גרינגו,https://gringo.co.il/lt/1178,מלונות מומלצים בוואחאקה סיטי,lt,לינה,שירותי,
גרינגו,https://gringo.co.il/lt/2002,מלונות מומלצים בוואקאצ'ינה,lt,לינה,שירותי,
גרינגו,https://gringo.co.il/lt/2001,מלונות מומלצים בויניה דל מאר,lt,לינה,שירותי,
גרינגו,https://gringo.co.il/lt/995,מלונות מומלצים בחאקו,lt,לינה,שירותי,
גרינגו,https://gringo.co.il/lt/774,מלונות מומלצים בחואיואה,lt,לינה,שירותי,
גרינגו,https://gringo.co.il/lt/1836,מלונות מומלצים בחוחוי,lt,לינה,שירותי,
גרינגו,https://gringo.co.il/lt/1937,מלונות מומלצים בחרדין,lt,לינה,שירותי,
גרינגו,https://gringo.co.il/lt/614,מלונות מומלצים בטגנגה,lt,לינה,שירותי,
גרינגו,https://gringo.co.il/lt/812,מלונות מומלצים בטולום,lt,לינה,שירותי,
גרינגו,https://gringo.co.il/lt/287,מלונות מומלצים בטופיזה,lt,לינה,שירותי,
גרינגו,https://gringo.co.il/lt/529,מלונות מומלצים בטוקומאן,lt,לינה,שירותי,
גרינגו,https://gringo.co.il/lt/2229,מלונות מומלצים בטורטוגרו,lt,לינה,שירותי,
גרינגו,https://gringo.co.il/lt/632,מלונות מומלצים בטיקאל,lt,לינה,שירותי,
גרינגו,https://gringo.co.il/lt/2084,מלונות מומלצים בטנה,lt,לינה,שירותי,
גרינגו,https://gringo.co.il/lt/469,מלונות מומלצים בטרוחיו,lt,לינה,שירותי,
גרינגו,https://gringo.co.il/lt/2242,מלונות מומלצים בלגונה דה אפויו,lt,לינה,שירותי,
גרינגו,https://gringo.co.il/lt/531,מלונות מומלצים בלה פאז,lt,לינה,שירותי,
גרינגו,https://gringo.co.il/lt/1843,מלונות מומלצים בלה פורטונה,lt,לינה,שירותי,
גרינגו,https://gringo.co.il/lt/389,מלונות מומלצים בלימה ליד שדה התעופה,lt,לינה,שירותי,
גרינגו,https://gringo.co.il/lt/307,מלונות מומלצים בלימה מניסיון של ישראלים,lt,לינה,שירותי,
גרינגו,https://gringo.co.il/lt/375,מלונות מומלצים בלנסויס שפאדה,lt,לינה,שירותי,
גרינגו,https://gringo.co.il/lt/1297,מלונות מומלצים במאר דל פלטה,lt,לינה,שירותי,
גרינגו,https://gringo.co.il/lt/1942,מלונות מומלצים במדבר טטקואה,lt,לינה,שירותי,
גרינגו,https://gringo.co.il/lt/1331,מלונות מומלצים במדג'ין,lt,לינה,שירותי,
גרינגו,https://gringo.co.il/lt/1110,מלונות מומלצים במונטגו ביי,lt,לינה,שירותי,
גרינגו,https://gringo.co.il/lt/1188,מלונות מומלצים במונטה ורדה (סנטה אלנה),lt,לינה,שירותי,
גרינגו,https://gringo.co.il/lt/323,מלונות מומלצים במונטווידאו,lt,לינה,שירותי,
גרינגו,https://gringo.co.il/lt/1079,מלונות מומלצים במונטזומה,lt,לינה,שירותי,
גרינגו,https://gringo.co.il/lt/885,מלונות מומלצים במונטניטה,lt,לינה,שירותי,
גרינגו,https://gringo.co.il/lt/175,מלונות מומלצים במורו דה סאו פאולו,lt,לינה,שירותי,
גרינגו,https://gringo.co.il/lt/1926,מלונות מומלצים במוריג'ו,lt,לינה,שירותי,
גרינגו,https://gringo.co.il/lt/2085,מלונות מומלצים במינדו,lt,לינה,שירותי,
גרינגו,https://gringo.co.il/lt/1932,מלונות מומלצים במינקה,lt,לינה,שירותי,
גרינגו,https://gringo.co.il/lt/1300,מלונות מומלצים במנאוס,lt,לינה,שירותי,
גרינגו,https://gringo.co.il/lt/1041,מלונות מומלצים במנדוסה,lt,לינה,שירותי,
גרינגו,https://gringo.co.il/lt/1282,מלונות מומלצים במנואל אנטוניו,lt,לינה,שירותי,
גרינגו,https://gringo.co.il/lt/1916,מלונות מומלצים במניזלס,lt,לינה,שירותי,
גרינגו,https://gringo.co.il/lt/1144,מלונות מומלצים במנקורה,lt,לינה,שירותי,
גרינגו,https://gringo.co.il/lt/2204,מלונות מומלצים במקסיקו,lt,לינה,שירותי,
גרינגו,https://gringo.co.il/lt/847,מלונות מומלצים במקסיקו סיטי,lt,לינה,שירותי,
גרינגו,https://gringo.co.il/lt/1825,מלונות מומלצים במקסיקו סיטי ליד שדה התעופה,lt,לינה,שירותי,
גרינגו,https://gringo.co.il/lt/1831,מלונות מומלצים בנאסקה,lt,לינה,שירותי,
גרינגו,https://gringo.co.il/lt/957,מלונות מומלצים בנגריל,lt,לינה,שירותי,
גרינגו,https://gringo.co.il/lt/433,מלונות מומלצים בנטאל,lt,לינה,שירותי,
גרינגו,https://gringo.co.il/lt/2268,מלונות מומלצים בניקרגואה מניסיון של ישראלים,lt,לינה,שירותי,
גרינגו,https://gringo.co.il/lt/1847,מלונות מומלצים בסאו פאולו,lt,לינה,שירותי,
גרינגו,https://gringo.co.il/lt/2171,מלונות מומלצים בסוקרה,lt,לינה,שירותי,
גרינגו,https://gringo.co.il/lt/1127,מלונות מומלצים בסלבדור,lt,לינה,שירותי,
גרינגו,https://gringo.co.il/lt/182,מלונות מומלצים בסלבדור ליד שדה התעופה,lt,לינה,שירותי,
גרינגו,https://gringo.co.il/lt/228,מלונות מומלצים בסלטה,lt,לינה,שירותי,
גרינגו,https://gringo.co.il/lt/1917,מלונות מומלצים בסלנטו,lt,לינה,שירותי,
גרינגו,https://gringo.co.il/lt/410,מלונות מומלצים בסמאיפטה,lt,לינה,שירותי,
גרינגו,https://gringo.co.il/lt/2072,מלונות מומלצים בסמוק שמפיי,lt,לינה,שירותי,
גרינגו,https://gringo.co.il/lt/1918,מלונות מומלצים בסן אגוסטין,lt,לינה,שירותי,
גרינגו,https://gringo.co.il/lt/2254,מלונות מומלצים בסן איגנסיו,lt,לינה,שירותי,
גרינגו,https://gringo.co.il/lt/1285,מלונות מומלצים בסן אנדרס מניסיון של ישראלים,lt,לינה,שירותי,
גרינגו,https://gringo.co.il/lt/2243,מלונות מומלצים בסן חואן,lt,לינה,שירותי,
גרינגו,https://gringo.co.il/lt/794,מלונות מומלצים בסן חוזה,lt,לינה,שירותי,
גרינגו,https://gringo.co.il/lt/641,מלונות מומלצים בסן מרקוס,lt,לינה,שירותי,
גרינגו,https://gringo.co.il/lt/844,מלונות מומלצים בסן סלבדור,lt,לינה,שירותי,
גרינגו,https://gringo.co.il/lt/646,מלונות מומלצים בסן פדרו,lt,לינה,שירותי,
גרינגו,https://gringo.co.il/lt/311,מלונות מומלצים בסן פדרו דה אטקאמה,lt,לינה,שירותי,
גרינגו,https://gringo.co.il/lt/763,מלונות מומלצים בסן פדרו סולה,lt,לינה,שירותי,
גרינגו,https://gringo.co.il/lt/2253,"מלונות מומלצים בסן פדרו, בליז",lt,לינה,שירותי,
גרינגו,https://gringo.co.il/lt/944,מלונות מומלצים בסן קריסטובל,lt,לינה,שירותי,
גרינגו,https://gringo.co.il/lt/2103,מלונות מומלצים בסן קריסטובל,lt,לינה,שירותי,
גרינגו,https://gringo.co.il/lt/786,מלונות מומלצים בסנטה אנה,lt,לינה,שירותי,
גרינגו,https://gringo.co.il/lt/1863,מלונות מומלצים בסנטה מרתה,lt,לינה,שירותי,
גרינגו,https://gringo.co.il/lt/2061,מלונות מומלצים בסנטה קטלינה,lt,לינה,שירותי,
גרינגו,https://gringo.co.il/lt/409,מלונות מומלצים בסנטה קרוז,lt,לינה,שירותי,
גרינגו,https://gringo.co.il/lt/1021,מלונות מומלצים בסנטה תרזה,lt,לינה,שירותי,
גרינגו,https://gringo.co.il/lt/1265,מלונות מומלצים בסנטיאגו,lt,לינה,שירותי,
גרינגו,https://gringo.co.il/lt/1922,מלונות מומלצים בפארק טיירונה,lt,לינה,שירותי,
גרינגו,https://gringo.co.il/lt/1978,מלונות מומלצים בפארקאס,lt,לינה,שירותי,
גרינגו,https://gringo.co.il/lt/2289,מלונות מומלצים בפוארטו איגואסו (ארגנטינה),lt,לינה,שירותי,
גרינגו,https://gringo.co.il/lt/905,מלונות מומלצים בפוארטו אסקונדידו,lt,לינה,שירותי,
גרינגו,https://gringo.co.il/lt/2017,מלונות מומלצים בפוארטו ואראס,lt,לינה,שירותי,
גרינגו,https://gringo.co.il/lt/556,מלונות מומלצים בפוארטו וייחו,lt,לינה,שירותי,
גרינגו,https://gringo.co.il/lt/798,מלונות מומלצים בפוארטו חימנז,lt,לינה,שירותי,
גרינגו,https://gringo.co.il/lt/1840,מלונות מומלצים בפוארטו מדרין,lt,לינה,שירותי,
גרינגו,https://gringo.co.il/lt/2018,מלונות מומלצים בפוארטו מונט,lt,לינה,שירותי,
גרינגו,https://gringo.co.il/lt/2019,מלונות מומלצים בפוארטו נטאלס,lt,לינה,שירותי,
גרינגו,https://gringo.co.il/lt/2292,מלונות מומלצים בפוז דו איגואסו (ברזיל),lt,לינה,שירותי,
גרינגו,https://gringo.co.il/lt/2173,מלונות מומלצים בפוטוסי,lt,לינה,שירותי,
גרינגו,https://gringo.co.il/lt/1832,מלונות מומלצים בפונו,lt,לינה,שירותי,
גרינגו,https://gringo.co.il/lt/530,מלונות מומלצים בפונטה ארנס,lt,לינה,שירותי,
גרינגו,https://gringo.co.il/lt/2129,מלונות מומלצים בפונטה דל אסטה,lt,לינה,שירותי,
גרינגו,https://gringo.co.il/lt/2022,מלונות מומלצים בפוקון,lt,לינה,שירותי,
גרינגו,https://gringo.co.il/lt/620,מלונות מומלצים בפורטלזה,lt,לינה,שירותי,
גרינגו,https://gringo.co.il/lt/1206,מלונות מומלצים בפיסאק,lt,לינה,שירותי,
גרינגו,https://gringo.co.il/lt/1849,מלונות מומלצים בפיפה,lt,לינה,שירותי,
גרינגו,https://gringo.co.il/lt/825,מלונות מומלצים בפלאיה דל כרמן,lt,לינה,שירותי,
גרינגו,https://gringo.co.il/lt/1088,מלונות מומלצים בפלאיה ונאו,lt,לינה,שירותי,
גרינגו,https://gringo.co.il/lt/1925,מלונות מומלצים בפלומינו,lt,לינה,שירותי,
גרינגו,https://gringo.co.il/lt/211,מלונות מומלצים בפלורה,lt,לינה,שירותי,
גרינגו,https://gringo.co.il/lt/2074,מלונות מומלצים בפלורס,lt,לינה,שירותי,
גרינגו,https://gringo.co.il/lt/669,מלונות מומלצים בפנחצ'ל,lt,לינה,שירותי,
גרינגו,https://gringo.co.il/lt/2266,מלונות מומלצים בפנמה,lt,לינה,שירותי,
גרינגו,https://gringo.co.il/lt/674,מלונות מומלצים בפנמה סיטי,lt,לינה,שירותי,
גרינגו,https://gringo.co.il/lt/2263,מלונות מומלצים בפרו מניסיון של ישראלים,lt,לינה,שירותי,
גרינגו,https://gringo.co.il/lt/1980,מלונות מומלצים בצ'אצ'אפויאס,lt,לינה,שירותי,
גרינגו,https://gringo.co.il/lt/2269,מלונות מומלצים בצ'ילה מניסיון של ישראלים,lt,לינה,שירותי,
גרינגו,https://gringo.co.il/lt/2133,מלונות מומלצים בקאבו פולוניו,lt,לינה,שירותי,
גרינגו,https://gringo.co.il/lt/1904,מלונות מומלצים בקאבו פריו,lt,לינה,שירותי,
גרינגו,https://gringo.co.il/lt/442,מלונות מומלצים בקאלי,lt,לינה,שירותי,
גרינגו,https://gringo.co.il/lt/1247,מלונות מומלצים בקאפז'אטה,lt,לינה,שירותי,
גרינגו,https://gringo.co.il/lt/2087,מלונות מומלצים בקואנקה,lt,לינה,שירותי,
גרינגו,https://gringo.co.il/lt/836,מלונות מומלצים בקוזומל,lt,לינה,שירותי,
גרינגו,https://gringo.co.il/lt/2026,מלונות מומלצים בקויאיקה,lt,לינה,שירותי,
גרינגו,https://gringo.co.il/lt/2239,מלונות מומלצים בקוסטה ריקה,lt,לינה,שירותי,
גרינגו,https://gringo.co.il/lt/1306,מלונות מומלצים בקוסקו,lt,לינה,שירותי,
גרינגו,https://gringo.co.il/lt/767,מלונות מומלצים בקופאן רואינאס,lt,לינה,שירותי,
גרינגו,https://gringo.co.il/lt/357,מלונות מומלצים בקופקבנה,lt,לינה,שירותי,
גרינגו,https://gringo.co.il/lt/2177,מלונות מומלצים בקוצ'במבה,lt,לינה,שירותי,
גרינגו,https://gringo.co.il/lt/168,מלונות מומלצים בקורדובה,lt,לינה,שירותי,
גרינגו,https://gringo.co.il/lt/567,מלונות מומלצים בקחמרקה,lt,לינה,שירותי,
גרינגו,https://gringo.co.il/lt/366,מלונות מומלצים בקיטו,lt,לינה,שירותי,
גרינגו,https://gringo.co.il/lt/974,מלונות מומלצים בקיי קולקר,lt,לינה,שירותי,
גרינגו,https://gringo.co.il/lt/1157,מלונות מומלצים בקינגסטון,lt,לינה,שירותי,
גרינגו,https://gringo.co.il/lt/819,מלונות מומלצים בקנקון,lt,לינה,שירותי,
גרינגו,https://gringo.co.il/lt/803,מלונות מומלצים בקפוס,lt,לינה,שירותי,
גרינגו,https://gringo.co.il/lt/660,מלונות מומלצים בקצאלטנאנגו (שֶלָה),lt,לינה,שירותי,
גרינגו,https://gringo.co.il/lt/1271,מלונות מומלצים בקרטחנה,lt,לינה,שירותי,
גרינגו,https://gringo.co.il/lt/739,מלונות מומלצים ברואטן,lt,לינה,שירותי,
גרינגו,https://gringo.co.il/lt/1211,מלונות מומלצים ברוסאריו,lt,לינה,שירותי,
גרינגו,https://gringo.co.il/lt/2305,מלונות מומלצים ברורנבאקה,lt,לינה,שירותי,
גרינגו,https://gringo.co.il/lt/217,מלונות מומלצים בריו דה ז'נרו,lt,לינה,שירותי,
גרינגו,https://gringo.co.il/lt/879,מלונות מומלצים בריו דולסה,lt,לינה,שירותי,
גרינגו,https://gringo.co.il/lt/2281,מלונות מומלצים ברסיפה,lt,לינה,שירותי,
גרינגו,https://gringo.co.il/lt/1844,מלונות מומלצים בתמרינדו,lt,לינה,שירותי,
גרינגו,https://gringo.co.il/lt/1191,מלונות מומלצים ליד שדה התעופה,lt,לינה,שירותי,
גרינגו,https://gringo.co.il/lt/595,מלונות מומלצים ליד שדה התעופה של קיטו,lt,לינה,שירותי,
גרינגו,https://gringo.co.il/lt/909,מקומות לינה,lt,לינה,שירותי,
גרינגו,https://gringo.co.il/lt/952,מקומות לינה,lt,לינה,שירותי,
גרינגו,https://gringo.co.il/lt/464,מקומות לינה באיליה דו מל,lt,לינה,שירותי,
גרינגו,https://gringo.co.il/lt/679,מקומות לינה באיסלה טאבגה,lt,לינה,שירותי,
גרינגו,https://gringo.co.il/lt/1946,מקומות לינה באל קוקוי,lt,לינה,שירותי,
גרינגו,https://gringo.co.il/lt/897,מקומות לינה בטסקו,lt,לינה,שירותי,
גרינגו,https://gringo.co.il/lt/302,מקומות לינה בלה סרנה,lt,לינה,שירותי,
גרינגו,https://gringo.co.il/lt/1057,מקומות לינה בלה פאס,lt,לינה,שירותי,
גרינגו,https://gringo.co.il/lt/923,מקומות לינה במזונטה,lt,לינה,שירותי,
גרינגו,https://gringo.co.il/lt/1049,מקומות לינה במזטלן,lt,לינה,שירותי,
גרינגו,https://gringo.co.il/lt/936,מקומות לינה במרידה,lt,לינה,שירותי,
גרינגו,https://gringo.co.il/lt/912,מקומות לינה בסיפוליטה,lt,לינה,שירותי,
גרינגו,https://gringo.co.il/lt/830,מקומות לינה בפלנקה,lt,לינה,שירותי,
גרינגו,https://gringo.co.il/lt/2023,מקומות לינה בצ'איטן,lt,לינה,שירותי,
גרינגו,https://gringo.co.il/lt/1034,מקומות לינה בקאבו,lt,לינה,שירותי,
גרינגו,https://gringo.co.il/lt/2131,מקומות לינה טובים בפיריאפוליס,lt,לינה,שירותי,
גרינגו,https://gringo.co.il/lt/656,מקומות לינה מומלצים,lt,לינה,שירותי,
גרינגו,https://gringo.co.il/lt/730,מקומות לינה מומלצים באוטילה,lt,לינה,שירותי,
גרינגו,https://gringo.co.il/lt/1312,מקומות לינה מומלצים באורוביסי,lt,לינה,שירותי,
גרינגו,https://gringo.co.il/lt/439,מקומות לינה מומלצים באורורו,lt,לינה,שירותי,
גרינגו,https://gringo.co.il/lt/177,מקומות לינה מומלצים באריאל דה אג'ודה,lt,לינה,שירותי,
גרינגו,https://gringo.co.il/lt/103,מקומות לינה מומלצים בבליז,lt,לינה,שירותי,
גרינגו,https://gringo.co.il/lt/1075,מקומות לינה מומלצים בבליז סיטי,lt,לינה,שירותי,
גרינגו,https://gringo.co.il/lt/295,מקומות לינה מומלצים בוילקבמבה,lt,לינה,שירותי,
גרינגו,https://gringo.co.il/lt/2178,מקומות לינה מומלצים בטורו טורו,lt,לינה,שירותי,
גרינגו,https://gringo.co.il/lt/2274,מקומות לינה מומלצים בטרז'ר ביץ',lt,לינה,שירותי,
גרינגו,https://gringo.co.il/lt/747,מקומות לינה מומלצים בלה סייבה,lt,לינה,שירותי,
גרינגו,https://gringo.co.il/lt/862,מקומות לינה מומלצים בליוינגסטון,lt,לינה,שירותי,
גרינגו,https://gringo.co.il/lt/693,מקומות לינה מומלצים במנגואה,lt,לינה,שירותי,
גרינגו,https://gringo.co.il/lt/422,מקומות לינה מומלצים בפוארטו לופז,lt,לינה,שירותי,
גרינגו,https://gringo.co.il/lt/1322,מקומות לינה מומלצים בפורט אנטוניו,lt,לינה,שירותי,
גרינגו,https://gringo.co.il/lt/195,מקומות לינה מומלצים בפיסקו,lt,לינה,שירותי,
גרינגו,https://gringo.co.il/lt/833,מקומות לינה מומלצים בצ'טומאל,lt,לינה,שירותי,
גרינגו,https://gringo.co.il/lt/1334,מקומות לינה מומלצים בצ'ילה צ'יקו,lt,לינה,שירותי,
גרינגו,https://gringo.co.il/lt/1641,"מקסיקו סיטי - אטרקציות, דרכי הגעה ומקומות לינה מומלצים",lt,לינה,שירותי,
גרינגו,https://gringo.co.il/lt/1389,"סוראטה, בוליביה – דרכי הגעה, אטרקציות, טרקים ומקומות לינה",lt,לינה,שירותי,
גרינגו,https://gringo.co.il/lt/1378,"סלטה, ארגנטינה - דרכי הגעה, מקומות לינה, רואד טריפ ואטרקציות",lt,לינה,שירותי,
גרינגו,https://gringo.co.il/lt/1539,"סן חוזה, קוסטה ריקה - אטרקציות, דרכי הגעה ומקומות לינה",lt,לינה,שירותי,
גרינגו,https://gringo.co.il/lt/1393,"סנטה קרוז, בוליביה – אטרקציות, מקומות לינה ומוזיאונים",lt,לינה,שירותי,
גרינגו,https://gringo.co.il/lt/1431,"סנטיאגו, צ'ילה – אטרקציות, מקומות לינה והמלצות",lt,לינה,שירותי,
גרינגו,https://gringo.co.il/lt/1894,"פואבלה, מקסיקו - הגעה, אטרקציות, קהילה יהודית ומקומות לינה",lt,לינה,שירותי,
גרינגו,https://gringo.co.il/lt/1588,"פנמה סיטי, פנמה – אטרקציות וסיורים, מקומות לינה ודרכי הגעה",lt,לינה,שירותי,
גרינגו,https://gringo.co.il/lt/1465,"קאלי, קולומביה - מפת המלצות, אטרקציות ומקומות לינה",lt,לינה,שירותי,
גרינגו,https://gringo.co.il/lt/1642,"קנקון, מקסיקו – מועדונים, אטרקציות, מקומות לינה וקניות",lt,לינה,שירותי,
גרינגו,https://gringo.co.il/lt/662,לימודי ספרדית בשֶלָה,lt,סוכנויות ושירותים,שירותי,
גרינגו,https://gringo.co.il/lt/194,מורי גלישה מומלצים באיטקרה 2025-2026,lt,סוכנויות ושירותים,שירותי,
גרינגו,https://gringo.co.il/lt/1910,סוכנויות ומדריכים לאמזונס,lt,סוכנויות ושירותים,שירותי,
גרינגו,https://gringo.co.il/lt/565,סוכנויות טיולים באיי פוקלנד,lt,סוכנויות ושירותים,שירותי,
גרינגו,https://gringo.co.il/lt/608,סוכנויות טיולים לעיר האבודה,lt,סוכנויות ושירותים,שירותי,
גרינגו,https://gringo.co.il/lt/281,סוכנויות טיולים מומלצות בהוארז,lt,סוכנויות ושירותים,שירותי,
גרינגו,https://gringo.co.il/lt/1859,סוכנויות טיולים מומלצות במוריג'ו,lt,סוכנויות ושירותים,שירותי,
גרינגו,https://gringo.co.il/lt/1326,סוכנויות טיולים מומלצות בקוסקו,lt,סוכנויות ושירותים,שירותי,
גרינגו,https://gringo.co.il/lt/286,סוכנויות מומלצות בטופיזה,lt,סוכנויות ושירותים,שירותי,
גרינגו,https://gringo.co.il/lt/1006,סוכנויות מומלצות בלה פאז,lt,סוכנויות ושירותים,שירותי,
גרינגו,https://gringo.co.il/lt/2115,סוכנויות מומלצות בסנטה קרוז,lt,סוכנויות ושירותים,שירותי,
גרינגו,https://gringo.co.il/lt/306,סוכנויות מומלצות ברורנבאקה,lt,סוכנויות ושירותים,שירותי,
גרינגו,https://gringo.co.il/lt/1220,סוכנויות מומלצות להשכרת רכב בברילוצ'ה,lt,סוכנויות ושירותים,שירותי,
גרינגו,https://gringo.co.il/lt/1986,סוכנויות מומלצות לטמבופטה,lt,סוכנויות ושירותים,שירותי,
גרינגו,https://gringo.co.il/lt/269,סוכנויות מומלצות למכרות,lt,סוכנויות ושירותים,שירותי,
גרינגו,https://gringo.co.il/lt/321,סוכנויות מומלצות לסלאר,lt,סוכנויות ושירותים,שירותי,
גרינגו,https://gringo.co.il/lt/1981,סוכנויות מומלצות לפארק מאנו,lt,סוכנויות ושירותים,שירותי,
גרינגו,https://gringo.co.il/lt/431,סוכנויות מומלצות לפנטנאל,lt,סוכנויות ושירותים,שירותי,
גרינגו,https://gringo.co.il/text/225,קבוצות וואטסאפ לדרום ומרכז אמריקה 2026-2027,text,קהילות ורשתות,שירותי,
מוצילר,https://www.muchiler.co.il/argentina/arg/421-ushuaia.html,אושואיה - מידע כללי | אטרקציות וטרקים | טרק הכבשים | לגונה אזמרלדה,ארגנטינה,אטרקציות ופעילויות,מהותי,
מוצילר,https://www.muchiler.co.il/satlan/126-atractionsjeneral.html,"אטרקציות, בילויים ונופש של החיים בדרום ומרכז אמריקה",satlan,אטרקציות ופעילויות,מהותי,
מוצילר,https://www.muchiler.co.il/peru/peruinfo/302-ica.html,"איקה - וואקאצ'ינה, באגי, סקי חולות וסיור יין",פרו,אטרקציות ופעילויות,מהותי,
מוצילר,https://www.muchiler.co.il/argentina/arg/328-fitzroy.html,אל צאלטן - טרק הפיץ רוי | טרק יום | טרק זריחה | טרק עם לינה,ארגנטינה,אטרקציות ופעילויות,מהותי,
מוצילר,https://www.muchiler.co.il/chile/chl/256-conguigio.html,אל צאלטן - טרק מעבר הרוחות | 4 ימים,צ׳ילה,אטרקציות ופעילויות,מהותי,
מוצילר,https://www.muchiler.co.il/argentina/arg/324-losglaciares.html,אל קלפטה - 8 סיורים מומלצים - גילי חסקין,ארגנטינה,אטרקציות ופעילויות,מהותי,
מוצילר,https://www.muchiler.co.il/argentina/arg/509-losglaciares.html,ארגנטינה - טיול לשמורת הקרחונים בפטגוניה - גילי חסקין,ארגנטינה,אטרקציות ופעילויות,מהותי,
מוצילר,https://www.muchiler.co.il/argentina/arg/319-buenosairescity.html,בואנוס איירס - סיור יומי עצמאי בעיר - גילי חסקין,ארגנטינה,אטרקציות ופעילויות,מהותי,
מוצילר,https://www.muchiler.co.il/argentina/arg/418-barilocheinfo.html,ברילוצ'ה - מידע והיכרות כללית | טרקים יומיים,ארגנטינה,אטרקציות ופעילויות,מהותי,
מוצילר,https://www.muchiler.co.il/peru/perutreks/200-huayhuash.html,המדריך לטורוסים ביום אחד | טרקים יומיים | טורס דל פיינה | פוארטו נטאלס,פרו,אטרקציות ופעילויות,מהותי,
מוצילר,https://www.muchiler.co.il/costarica/costaricaarticles/428-cerrochirripo.html,הפארק הלאומי הר צ'ריפו - הפארק הפראי,קוסטה ריקה,אטרקציות ופעילויות,מהותי,
מוצילר,https://www.muchiler.co.il/costarica/costaricaarticles/431-corcovadonationalpark.html,הפארק הלאומי קורקובדו - חצי האי אוסה בדרום מערב,קוסטה ריקה,אטרקציות ופעילויות,מהותי,
מוצילר,https://www.muchiler.co.il/costarica/costaricaarticles/427-irazu.html,הר הגעש אירזו - הפארק הלאומי בקורדליה,קוסטה ריקה,אטרקציות ופעילויות,מהותי,
מוצילר,https://www.muchiler.co.il/costarica/costaricaarticles/426-puaz.html,הר הגעש פואז - הפארק הלאומי ליד אלאחואלה,קוסטה ריקה,אטרקציות ופעילויות,מהותי,
מוצילר,https://www.muchiler.co.il/satlan/156-beachsouthamerica.html,חופים ואתרי גלישה בדרום אמריקה,satlan,אטרקציות ופעילויות,מהותי,
מוצילר,https://www.muchiler.co.il/peru/perutreks/342-larestrek.html,טרק הלארס - טרק אלטרנטיבי למאצו פיצו,פרו,אטרקציות ופעילויות,מהותי,
מוצילר,https://www.muchiler.co.il/peru/perutreks/280-perucastle.html,"טרק המצודה האבודה בהרי האנדים - מצודת קולאפ, צאצאפויאס - גילי חסקין",פרו,אטרקציות ופעילויות,מהותי,
מוצילר,https://www.muchiler.co.il/peru/perutreks/305-santacruz.html,טרק הסנטה קרוז - 4 ימים וטרק ברמה בינונית,פרו,אטרקציות ופעילויות,מהותי,
מוצילר,https://www.muchiler.co.il/peru/perutreks/281-choquequirau.html,טרק הצ’וקקיראו - 3 ימים ברמת קושי בינונית,פרו,אטרקציות ופעילויות,מהותי,
מוצילר,https://www.muchiler.co.il/peru/perutreks/483-pueblodelosisraelitas.html,"טרק לכפר בני ישראל הרוחניים בנהר אורובמבה, קוסקו - גילי חסקין",פרו,אטרקציות ופעילויות,מהותי,
מוצילר,https://www.muchiler.co.il/treks/415-volcanos.html,"טרקים להרי געש בדרום אמריקה - פויאוויה, סרו טרונדור, ויאריקה, קוטופקסי",treks,אטרקציות ופעילויות,מהותי,
מוצילר,https://www.muchiler.co.il/bolivia/boliviainfo/397-lapasatractions.html,"לה פאז - אטרקציות, אתרי תיירות וקניות",בוליביה,אטרקציות ופעילויות,מהותי,
מוצילר,https://www.muchiler.co.il/peru/peruinfo/108-limaatractions.html,"לימה - אטרקציות, חיי לילה, קניות ובילויים",פרו,אטרקציות ופעילויות,מהותי,
מוצילר,https://www.muchiler.co.il/peru/peruinfo/107-limajeneral.html,"לימה - מה לעשות, טרקים, אטרקציות ושווקים",פרו,אטרקציות ופעילויות,מהותי,
מוצילר,https://www.muchiler.co.il/peru/peruinfo/237-miraflores.html,לימה - מירהפלורס - האיזור התיירותי ואטרקציות,פרו,אטרקציות ופעילויות,מהותי,
מוצילר,https://www.muchiler.co.il/general/442-lawguide.html,מדריך משפטי - מה עושים אם מסתבכים בארץ זרה,general,אטרקציות ופעילויות,מהותי,
מוצילר,https://www.muchiler.co.il/treks.html,מדריכי אטרקציות וטיולים,treks,אטרקציות ופעילויות,מהותי,
מוצילר,https://www.muchiler.co.il/costarica/costaricaarticles/423-monteverde.html,מונטהוורדה וסנטה אלנה - אטרקציות ומידע כללי,קוסטה ריקה,אטרקציות ופעילויות,מהותי,
מוצילר,https://www.muchiler.co.il/peru/peruinfo/317-pisco.html,"פאראקס | פאראקאס - גלפגוס לעניים, הפארק הלאומי ואיי באייסטס",פרו,אטרקציות ופעילויות,מהותי,
מוצילר,https://www.muchiler.co.il/chile/chl/252-cruzdelosmares.html,פונטה ארנס - טרק צלב הימים - יואב לוקסנבורג,צ׳ילה,אטרקציות ופעילויות,מהותי,
מוצילר,https://www.muchiler.co.il/chile/chl/321-chillevolcano.html,פוקון - טרק סובב ויאריקה 3 ימים עצמאית - גלעד,צ׳ילה,אטרקציות ופעילויות,מהותי,
מוצילר,https://www.muchiler.co.il/peru/perutreks.html,פרו - טרקים וסיפורי דרך,פרו,אטרקציות ופעילויות,מהותי,
מוצילר,https://www.muchiler.co.il/treks/420-skydiving.html,צניחה חופשית בדרום אמריקה - איפה כמה ולמה,treks,אטרקציות ופעילויות,מהותי,
מוצילר,https://www.muchiler.co.il/peru/peruinfo/274-machupicchu.html,קוסקו - מאצו פיצו - הגעה ברכבת | עצמאית | טרקים | רכישת כרטיסים,פרו,אטרקציות ופעילויות,מהותי,
מוצילר,https://www.muchiler.co.il/peru/peruinfo/137-cusco.html,"קוסקו - מידע כללי, טרקים ואטרקציות | פרו",פרו,אטרקציות ופעילויות,מהותי,
מוצילר,https://www.muchiler.co.il/treks/286-raftingguide.html,ראפטינג - כל מה שרציתם לדעת ולא העזתם לשאול,treks,אטרקציות ופעילויות,מהותי,
מוצילר,https://www.muchiler.co.il/brazil/brazilinfo/203-carnaval.html,הקרנבל של סלבדור מנקודת מבט של המטייל הישראלי - אייבי בנימין,ברזיל,אירועים וקרנבלים,מהותי,
מוצילר,https://www.muchiler.co.il/treks/399-carnivals.html,"הקרנבלים של דרום אמריקה - קרנבל הבוץ, אורורו בוליביה, גואלגואדיצ'ו, הומהוק, פסטיבל בציר הענבים ופסטיבל השלג",treks,אירועים וקרנבלים,מהותי,
מוצילר,https://www.muchiler.co.il/brazil/carnival/carnivaldates.html,מוצ'ילר - יבשת דרום אמריקה - מידע ופרטים על הקרנבל בברזיל 2022,ברזיל,אירועים וקרנבלים,מהותי,
מוצילר,https://www.muchiler.co.il/brazil/carnival/carnivalflorianopolis.html,מוצ'ילר - יבשת דרום אמריקה - מידע ופרטים על הקרנבל בפלוריאנפוליס / פלוריפה,ברזיל,אירועים וקרנבלים,מהותי,
מוצילר,https://www.muchiler.co.il/brazil/carnival/carnivalrest.html,"מוצ'ילר - יבשת דרום אמריקה - מידע ופרטים על הקרנבל ברחבי ברזיל - סאו פאולו, פורטו סגורו, בוזיוס, פורטו דה גאלינס, ג'רי קאקוארה, אורו פרטו",ברזיל,אירועים וקרנבלים,מהותי,
מוצילר,https://www.muchiler.co.il/brazil/carnival/carnivalrio/carnivalrioinfo.html,מוצ'ילר - יבשת דרום אמריקה - מידע ופרטים על הקרנבל בריו דה ז'נרו,ברזיל,אירועים וקרנבלים,מהותי,
מוצילר,https://www.muchiler.co.il/brazil/carnival/carnivalrecife.html,מוצ'ילר - יבשת דרום אמריקה - מידע ופרטים על הקרנבל ברסיפה ואולינדה,ברזיל,אירועים וקרנבלים,מהותי,
מוצילר,https://www.muchiler.co.il/brazil/carnival/carnivalinfo.html,"מוצ'ילר - יבשת דרום אמריקה - מידע על הקרנבל - הבדלים, השוואה וסקירה כללית על ערי הקרנבל ברחבי ברזיל",ברזיל,אירועים וקרנבלים,מהותי,
מוצילר,https://www.muchiler.co.il/brazil/brazilinfo/398-mudfestival.html,פאראטי - פסטיבל הבוץ ליד ריו דה ז'נרו - 2027,ברזיל,אירועים וקרנבלים,מהותי,
מוצילר,https://www.muchiler.co.il/chile/chl/259-chilelakes.html,פסטיבלים הופעות מסיבות דרום מרכז אמריקה 2026-2027,צ׳ילה,אירועים וקרנבלים,מהותי,
מוצילר,https://www.muchiler.co.il/trom/592-zika.html,"וירוס הזיקה - הסברים, שאלות ותשובות",trom,בריאות,מהותי,
מוצילר,https://www.muchiler.co.il/trom/132-medical.html,חיסונים לדרום אמריקה ומרכז אמריקה 2026 | רופא עד ההוסטל | תרופות לטיול,trom,בריאות,מהותי,
מוצילר,https://www.muchiler.co.il/brazil/brazilinfo/549-braziltips.html,מדריך צליאק - ללא גלוטן בדרום ומרכז אמריקה,ברזיל,בריאות,מהותי,
מוצילר,https://www.muchiler.co.il/trom/385-malaria.html,"מלריה בדרום ומרכז אמריקה - איזורים נגועים, כדורים, התמודדות",trom,בריאות,מהותי,
מוצילר,https://www.muchiler.co.il/trom/596-danger.html,סכנות ואזהרות - מחלת גבהים | נסיעות ואטרקציות מסוכנות | שמות ההרוגים ביבשת,trom,בריאות,מהותי,
מוצילר,https://www.muchiler.co.il/trom/410-questions.html,"שאלות חשובות - מוצילה או מזוודה, חיסונים, לטוס ולהסתדר לבד, כביסה, משטרה",trom,בריאות,מהותי,
מוצילר,https://www.muchiler.co.il/bolivia/boliviainfo/448-boliviacar.html,הדרישה לויזה לבוליביה בוטלה,בוליביה,ויזה ומסמכים,מהותי,
מוצילר,https://www.muchiler.co.il/general/573-visausa.html,"ויזה לארה""ב - מדריך הוצאות ויזה לארצות הברית במהלך הטיול",general,ויזה ומסמכים,מהותי,
מוצילר,https://www.muchiler.co.il/bolivia/boliviainfo/566-boliviavisa.html,"ויזה לבוליביה - מעברים, מסמכים והוצאת ויזה",בוליביה,ויזה ומסמכים,מהותי,
מוצילר,https://www.muchiler.co.il/trom/555-flightticket.html,כרטיס טיסה פיקטיבי חינם | יציאה פקטיבי,trom,ויזה ומסמכים,מהותי,
מוצילר,https://www.muchiler.co.il/trom/567-isic.html,כרטיס סטודנט בינלאומי וכרטיס צעיר - איך מוציאים ? מה זה נותן ? מה ההבדל ?,trom,ויזה ומסמכים,מהותי,
מוצילר,https://www.muchiler.co.il/brazil/brazilinfo/264-braziltips.html,מדריך הנפקת מספר זיהוי לתייר CPF,ברזיל,ויזה ומסמכים,מהותי,
מוצילר,https://www.muchiler.co.il/brazil/brazilinfo/276-riodejfavelas.html,ווסטרן יוניון | מאני גראם | רמיטלי - שירות העברת כספים בינלאומי,ברזיל,כספים ותקציב,מהותי,
מוצילר,https://www.muchiler.co.il/trom/139-safety.html,כסף מזומן וכרטיסי אשראי - עמלות גיהוץ ומשיכה | חשבון דולרי | בנקים ביבשת,trom,כספים ותקציב,מהותי,
מוצילר,https://www.muchiler.co.il/trom/133-budjet.html,תכנון תקציב וטיפים לחסכון לטיול בדרום ומרכז אמריקה 2026,trom,כספים ותקציב,מהותי,
מוצילר,https://www.muchiler.co.il/satlan/112-budjet.html,תקציב הטיול - תכנון נכון של תקציב לטיול של מטייל סטלן ובליין,satlan,כספים ותקציב,מהותי,
מוצילר,https://www.muchiler.co.il/ecuador/galapagos/217-galapagos.html,איי גלאפגוס המדריך השלם - עמית הוד,אקוודור,כתבה/מדריך,מהותי,
מוצילר,https://www.muchiler.co.il/ecuador/galapagos/471-ecuadorvideo.html,איי גלאפגוס מדריך קצר 11 יום עצמאי - גל פרימק,אקוודור,כתבה/מדריך,מהותי,
מוצילר,https://www.muchiler.co.il/argentina/arg/330-glacierperitomoreno.html,אל קלפטה - פריטו מורנו - הקרחון המתנפץ,ארגנטינה,כתבה/מדריך,מהותי,
מוצילר,https://www.muchiler.co.il/tech.html,"אפליקציות, צילום וחשמל",tech,כתבה/מדריך,מהותי,
מוצילר,https://www.muchiler.co.il/ecuador/galapagos.html,"אקוודור - איי הגלפגוס, ערים ומדריכים",אקוודור,כתבה/מדריך,מהותי,
מוצילר,https://www.muchiler.co.il/argentina/arg/257-cerrofizroy.html,ארגנטינה - סרו פיצרוי (אל צ'לטן) שבלב פטגוניה - גילי חסקין,ארגנטינה,כתבה/מדריך,מהותי,
מוצילר,https://www.muchiler.co.il/argentina/arg.html,"ארגנטינה - ערים, מדריכים וסיפורי דרך",ארגנטינה,כתבה/מדריך,מהותי,
מוצילר,https://www.muchiler.co.il/argentina/arg/331-bahiablanca.html,באהיה בלנקה - עיירת הנמל ליד בואנוס איירס,ארגנטינה,כתבה/מדריך,מהותי,
מוצילר,https://www.muchiler.co.il/argentina/arg/416-buenosaires.html,בואנוס איירס - מידע כללי ואתרים מרכזיים,ארגנטינה,כתבה/מדריך,מהותי,
מוצילר,https://www.muchiler.co.il/bolivia/boliviainfo.html,"בוליביה - ערים, מדריכים וסיפורי דרך",בוליביה,כתבה/מדריך,מהותי,
מוצילר,https://www.muchiler.co.il/brazil/brazilinfo.html,"ברזיל - ערים, מדריכים וסיפורי דרך",ברזיל,כתבה/מדריך,מהותי,
מוצילר,https://www.muchiler.co.il/general/287-southover50.html,דרום אמריקה לבני 50 פלוס - אהוד פורמן,general,כתבה/מדריך,מהותי,
מוצילר,https://www.muchiler.co.il/general/290-southover65.html,דרום אמריקה לבני 60+ - לאה שוויד,general,כתבה/מדריך,מהותי,
מוצילר,https://www.muchiler.co.il/argentina/arg/547-patagonia.html,דרום ארגנטינה - מדריך לאתרים מרכזיים בפטגוניה - גילי חסקין,ארגנטינה,כתבה/מדריך,מהותי,
מוצילר,https://www.muchiler.co.il/peru/perutreks/495-incatrail4d.html,דרישות הכניסה וקורונה בדרום ומרכז אמריקה,פרו,כתבה/מדריך,מהותי,
מוצילר,https://www.muchiler.co.il/brazil/brazilinfo/533-amazonas.html,האמזונס - מדריך השוואת אמזונסים ביבשת דרום אמריקה,ברזיל,כתבה/מדריך,מהותי,
מוצילר,https://www.muchiler.co.il/peru/peruinfo/538-amazonas.html,האמזונס - מדריך השוואת אמזונסים ביבשת דרום אמריקה,פרו,כתבה/מדריך,מהותי,
מוצילר,https://www.muchiler.co.il/treks/394-amazonas.html,האמזונס - מדריך השוואת אמזונסים ביבשת דרום אמריקה,treks,כתבה/מדריך,מהותי,
מוצילר,https://www.muchiler.co.il/peru/perutreks/363-cordiliaclimb.html,הווארז (ואראס) - טיפוס פסגות הקורדיירה בלאנקה,פרו,כתבה/מדריך,מהותי,
מוצילר,https://www.muchiler.co.il/peru/peruinfo/362-chavin.html,הווארז (ואראס) - מקדש צ'אווין דה הוואנטאר,פרו,כתבה/מדריך,מהותי,
מוצילר,https://www.muchiler.co.il/peru/peruinfo/279-perufiesta.html,החגיגה הגדולה באנדים - מדריך מורחב על הפייסטה של האינקה,פרו,כתבה/מדריך,מהותי,
מוצילר,https://www.muchiler.co.il/brazil/brazilinfo/183-brazilbeach.html,"החופים המדהימים של ברזיל - אג'ודה, מורו, איליה גראנדה, פיפה, דולפין, אמור, ג'רי, איטה קרה, קונצ'ה, סיריאקו וטיריריקה",ברזיל,כתבה/מדריך,מהותי,
מוצילר,https://www.muchiler.co.il/trom/440-flights.html,המדריך השלם לכרטיסי טיסה לדרום ומרכז אמריקה | טיסות זולות | חברות תעופה,trom,כתבה/מדריך,מהותי,
מוצילר,https://www.muchiler.co.il/treks/437-knowsa.html,המדריך להכרת דרום אמריקה - שווה לבוא ? מה יש לראות ? מה יש בכל מדינה ?,treks,כתבה/מדריך,מהותי,
מוצילר,https://www.muchiler.co.il/ecuador/galapagos/163-galapagos.html,המדריך למטייל העצמאי באיי גלאפגוס - גיא אהרוני,אקוודור,כתבה/מדריך,מהותי,
מוצילר,https://www.muchiler.co.il/satlan/128-pokertexas.html,המדריך לפוקר טקסס הולד'ם - כללים וחוקים,satlan,כתבה/מדריך,מהותי,
מוצילר,https://www.muchiler.co.il/general/129-pokerguide.html,המדריך לפוקר טקסס הולד'ם - שיכין אתכם לקזינו בטיול,general,כתבה/מדריך,מהותי,
מוצילר,https://www.muchiler.co.il/general/414-research.html,המטייל הישראלי בדרום אמריקה במחקר מעמיק ומשעשע - גיא הוכמן,general,כתבה/מדריך,מהותי,
מוצילר,https://www.muchiler.co.il/brazil/brazilinfo/201-riogeneral.html,הסדרת התשלום לביטוח לאומי טרם הטיסה לטיול הגדול,ברזיל,כתבה/מדריך,מהותי,
מוצילר,https://www.muchiler.co.il/guides.html,הספרייה - ספריית המדריכים בנושא דרום ומרכז אמריקה,guides,כתבה/מדריך,מהותי,
מוצילר,https://www.muchiler.co.il/tech/130-electronics.html,"חשמל, מתאמים ושקעים בדרום ומרכז אמריקה",tech,כתבה/מדריך,מהותי,
מוצילר,https://www.muchiler.co.il/peru/peruinfo/425-trujillo.html,"טרוחיו – מקדש הירח, מקדש הקשת והדרקון, עיר הבוץ צ'אן צ'אן",פרו,כתבה/מדריך,מהותי,
מוצילר,https://www.muchiler.co.il/trom.html,טרום טיול - כל מה שחשוב לפני שטסים,trom,כתבה/מדריך,מהותי,
מוצילר,https://www.muchiler.co.il/bolivia/boliviainfo/396-lapas.html,"לה פאז - מידע כללי, אתרים ותחבורה",בוליביה,כתבה/מדריך,מהותי,
מוצילר,https://www.muchiler.co.il/peru/peruinfo/243-pachacamac.html,"לימה - פאצאקאמאק - העיר האבודה, מאתרי הארכיאולוגיה הגדולים והחשובים בפרו",פרו,כתבה/מדריך,מהותי,
מוצילר,https://www.muchiler.co.il/general/273-operationcusco.html,מבצע קוסקו - מסע משעשע מלה פאז לקוסקו - גיא הוכמן,general,כתבה/מדריך,מהותי,
מוצילר,https://www.muchiler.co.il/tech/570-apps.html,מדריך 50 אפליקציות שימושיות לטיול,tech,כתבה/מדריך,מהותי,
מוצילר,https://www.muchiler.co.il/trom/349-kosher.html,מדריך כשרות וטיפים לשומרי מסורת ודתיים בדרום אמריקה,trom,כתבה/מדריך,מהותי,
מוצילר,https://www.muchiler.co.il/satlan.html,מדריך למטייל הסטלן והבליין,satlan,כתבה/מדריך,מהותי,
מוצילר,https://www.muchiler.co.il/trom/563-vegi.html,מדריך לצמחונים וטבעונים בדרום ומרכז אמריקה,trom,כתבה/מדריך,מהותי,
מוצילר,https://www.muchiler.co.il/brazil/brazilinfo/258-brazilsouth.html,מדריך מצולם להזמנת הטורוסים | טורס דל פיינה | פוארטו נטאלס,ברזיל,כתבה/מדריך,מהותי,
מוצילר,https://www.muchiler.co.il/treks/379-whales.html,"מדריך צפייה בלווייתנים, כלבי ים ופינגווינים בדרום אמריקה",treks,כתבה/מדריך,מהותי,
מוצילר,https://www.muchiler.co.il/chile/chl/550-chiletips.html,מדריך שגרירות ישראל בדרום ומרכז אמריקה,צ׳ילה,כתבה/מדריך,מהותי,
מוצילר,https://www.muchiler.co.il/general.html,מדריכים בנושאים כלליים,general,כתבה/מדריך,מהותי,
מוצילר,https://www.muchiler.co.il/satlan/127-travelguide.html,מהות החופש ושהייה ממושכת במקומות מסוימים,satlan,כתבה/מדריך,מהותי,
מוצילר,https://www.muchiler.co.il/extra/georgia.html,מוצ'ילר - יבשת דרום אמריקה - מידע ופרטים על איי ג'ורג'ייה הדרומיתי,extra,כתבה/מדריך,מהותי,
מוצילר,https://www.muchiler.co.il/extra/easter.html,מוצ'ילר - יבשת דרום אמריקה - מידע ופרטים על איי הפסחא,extra,כתבה/מדריך,מהותי,
מוצילר,https://www.muchiler.co.il/extra/falkland.html,מוצ'ילר - יבשת דרום אמריקה - מידע ופרטים על איי פוקלנד,extra,כתבה/מדריך,מהותי,
מוצילר,https://www.muchiler.co.il/extra/guyana.html,מוצ'ילר - יבשת דרום אמריקה - מידע ופרטים על גויאנה,extra,כתבה/מדריך,מהותי,
מוצילר,https://www.muchiler.co.il/extra/frenchguiana.html,מוצ'ילר - יבשת דרום אמריקה - מידע ופרטים על גיאנה הצרפתית,extra,כתבה/מדריך,מהותי,
מוצילר,https://www.muchiler.co.il/uruguay/montevidao.html,מוצ'ילר - יבשת דרום אמריקה - מידע ופרטים על מונטיווידאו,אורוגוואי,כתבה/מדריך,מהותי,
מוצילר,https://www.muchiler.co.il/extra/suriname.html,מוצ'ילר - יבשת דרום אמריקה - מידע ופרטים על סורינם,extra,כתבה/מדריך,מהותי,
מוצילר,https://www.muchiler.co.il/argentina/arg/334-iguasu.html,מפלי האיגואסו | פוארטו איגואסו | פוז דו איגואסו - הארגנטינאי והברזילאי,ארגנטינה,כתבה/מדריך,מהותי,
מוצילר,https://www.muchiler.co.il/brazil/brazilinfo/819-iguasu.html,מפלי האיגואסו | פוז דו איגואסו | פוארטו איגואסו - הברזילאי והארגנטינאי,ברזיל,כתבה/מדריך,מהותי,
מוצילר,https://www.muchiler.co.il/proffesor/postoffice.html,"משלוח דואר לישראל, סניפים, מחירים, זמני משלוח - מוצ'ילר דרום ומרכז אמריקה",proffesor,כתבה/מדריך,מהותי,
מוצילר,https://www.muchiler.co.il/proffesor/postoffice/item/argentinamail.html,"משלוח דואר לישראל, סניפים, מחירים, זמני משלוח - מוצ'ילר דרום ומרכז אמריקה",proffesor,כתבה/מדריך,מהותי,
מוצילר,https://www.muchiler.co.il/proffesor/postoffice/item/brazilmail.html,"משלוח דואר לישראל, סניפים, מחירים, זמני משלוח - מוצ'ילר דרום ומרכז אמריקה",proffesor,כתבה/מדריך,מהותי,
מוצילר,https://www.muchiler.co.il/proffesor/postoffice/item/boliviamail.html,"משלוח דואר לישראל, סניפים, מחירים, זמני משלוח - מוצ'ילר דרום ומרכז אמריקה",proffesor,כתבה/מדריך,מהותי,
מוצילר,https://www.muchiler.co.il/proffesor/postoffice/item/colombiamail.html,"משלוח דואר לישראל, סניפים, מחירים, זמני משלוח - מוצ'ילר דרום ומרכז אמריקה",proffesor,כתבה/מדריך,מהותי,
מוצילר,https://www.muchiler.co.il/proffesor/postoffice/item/chilemail.html,"משלוח דואר לישראל, סניפים, מחירים, זמני משלוח - מוצ'ילר דרום ומרכז אמריקה",proffesor,כתבה/מדריך,מהותי,
מוצילר,https://www.muchiler.co.il/proffesor/postoffice/item/ecuadormail.html,"משלוח דואר לישראל, סניפים, מחירים, זמני משלוח - מוצ'ילר דרום ומרכז אמריקה",proffesor,כתבה/מדריך,מהותי,
מוצילר,https://www.muchiler.co.il/proffesor/postoffice/item/panamamail.html,"משלוח דואר לישראל, סניפים, מחירים, זמני משלוח - מוצ'ילר דרום ומרכז אמריקה",proffesor,כתבה/מדריך,מהותי,
מוצילר,https://www.muchiler.co.il/proffesor/postoffice/item/costaricamail.html,"משלוח דואר לישראל, סניפים, מחירים, זמני משלוח - מוצ'ילר דרום ומרכז אמריקה",proffesor,כתבה/מדריך,מהותי,
מוצילר,https://www.muchiler.co.il/proffesor/postoffice/item/perumail.html,"משלוח דואר לישראל, סניפים, מחירים, זמני משלוח - מוצ'ילר דרום ומרכז אמריקה",proffesor,כתבה/מדריך,מהותי,
מוצילר,https://www.muchiler.co.il/proffesor/postoffice/item/nicaraguamail.html,"משלוח דואר לישראל, סניפים, מחירים, זמני משלוח - מוצ'ילר דרום ומרכז אמריקה",proffesor,כתבה/מדריך,מהותי,
מוצילר,https://www.muchiler.co.il/proffesor/postoffice/item/guatemalamail.html,"משלוח דואר לישראל, סניפים, מחירים, זמני משלוח - מוצ'ילר דרום ומרכז אמריקה",proffesor,כתבה/מדריך,מהותי,
מוצילר,https://www.muchiler.co.il/proffesor/postoffice/item/mexicomail.html,"משלוח דואר לישראל, סניפים, מחירים, זמני משלוח - מוצ'ילר דרום ומרכז אמריקה",proffesor,כתבה/מדריך,מהותי,
מוצילר,https://www.muchiler.co.il/peru/peruinfo/316-nazca.html,נאסקה - מידע על העיר וקווי נאסקה,פרו,כתבה/מדריך,מהותי,
מוצילר,https://www.muchiler.co.il/trom/138-traveloffice.html,סוכן אישי או רכישה אונליין | הלוך ושוב או כיוון אחד | טיפים לטיסות,trom,כתבה/מדריך,מהותי,
מוצילר,https://www.muchiler.co.il/bolivia/boliviainfo/406-sucre.html,סוקרה - מידע כללי ותחבורה,בוליביה,כתבה/מדריך,מהותי,
מוצילר,https://www.muchiler.co.il/satlan/109-drugssa.html,סמים - כל מה שרצית לדעת ולא העזת לשאול,satlan,כתבה/מדריך,מהותי,
מוצילר,https://www.muchiler.co.il/bolivia/boliviainfo/430-santacruz.html,"סנטה קרוז - מידע כללי, תחבורה, פארקים",בוליביה,כתבה/מדריך,מהותי,
מוצילר,https://www.muchiler.co.il/chile/chl/460-chilemines.html,עיירות הרפאים של צ'ילה – אתרי הכרייה ועיירות הכורים הנטושות,צ׳ילה,כתבה/מדריך,מהותי,
מוצילר,https://www.muchiler.co.il/chile/chl/325-toresdelfe.html,"פוארטו נטאלס - מידע כללי על טורס דל פיינה, השמורה היפה בצ'ילה - גילי חסקין",צ׳ילה,כתבה/מדריך,מהותי,
מוצילר,https://www.muchiler.co.il/peru/peruinfo/244-puno.html,פונו - האיים הצפים ומגדלי סילוסטאני,פרו,כתבה/מדריך,מהותי,
מוצילר,https://www.muchiler.co.il/argentina/arg/326-patagonia.html,"פטגוניה - פארק הקרחונים, האגמים והטיולים - גילי חסקין",ארגנטינה,כתבה/מדריך,מהותי,
מוצילר,https://www.muchiler.co.il/argentina/arg/411-patagoniawinter.html,פטגוניה בחורף - דרום ארגנטינה וצ'ילה בחודשי החורף בין מאי לאוקטובר,ארגנטינה,כתבה/מדריך,מהותי,
מוצילר,https://www.muchiler.co.il/chile/chl/464-patagoniawinter.html,פטגוניה בחורף - דרום ארגנטינה וצ'ילה בחודשי החורף בין מאי לאוקטובר,צ׳ילה,כתבה/מדריך,מהותי,
מוצילר,https://www.muchiler.co.il/peru/peruinfo.html,פרו - ערים ומדריכים,פרו,כתבה/מדריך,מהותי,
מוצילר,https://www.muchiler.co.il/tech/340-backups.html,פתרונות לגיבוי התמונות והסרטונים,tech,כתבה/מדריך,מהותי,
מוצילר,https://www.muchiler.co.il/chile/chl.html,"צילה - ערים, מדריכים וסיפורי דרך",צ׳ילה,כתבה/מדריך,מהותי,
מוצילר,https://www.muchiler.co.il/tech/434-plainephoto.html,צילום דרך חלון המטוס - טיפים לתמונות מרהיבות,tech,כתבה/מדריך,מהותי,
מוצילר,https://www.muchiler.co.il/tech/433-cellularphoto.html,צילום סלולרי - איך לצלם תמונות מעולות באמצעות הסלולרי,tech,כתבה/מדריך,מהותי,
מוצילר,https://www.muchiler.co.il/general/561-couchsurfing.html,קאוץ סרפינג / גלישת ספה - שירות המקשר בין מטיילים לאוכלוסייה מקומית,general,כתבה/מדריך,מהותי,
מוצילר,https://www.muchiler.co.il/costarica/costaricaarticles.html,קוסטה ריקה - מדריכים וסיפורי דרך,קוסטה ריקה,כתבה/מדריך,מהותי,
מוצילר,https://www.muchiler.co.il/bolivia/boliviainfo/447-virginbolivia.html,קוצ'במבה - חגיגות הבתולה מאורקופיניה - גילי חסקין,בוליביה,כתבה/מדריך,מהותי,
מוצילר,https://www.muchiler.co.il/satlan/122-casino.html,"קזינו - מדריך למשחק ברולטה, בלק ג'ק ופוקר קאריבי",satlan,כתבה/מדריך,מהותי,
מוצילר,https://www.muchiler.co.il/ecuador/galapagos/168-galapagos.html,"קיטו, הפרברים ואיי הגלפגוס - מדריך מורחב - גילי חסקין",אקוודור,כתבה/מדריך,מהותי,
מוצילר,https://www.muchiler.co.il/general/123-pachanga.html,"רגאטון - המוסיקה השולטת בדרום אמריקה, הורדות שירים, תחנות רדיו - 2022",general,כתבה/מדריך,מהותי,
מוצילר,https://www.muchiler.co.il/bolivia/boliviainfo/429-rurrenabaque.html,רורה נבאקה - הפמפאס ופארק מדידי,בוליביה,כתבה/מדריך,מהותי,
מוצילר,https://www.muchiler.co.il/brazil/brazilinfo/537-tijuca.html,ריו דה ז'נרו - טיול יומי עצמאי באופניים - בני קליין,ברזיל,כתבה/מדריך,מהותי,
מוצילר,https://www.muchiler.co.il/brazil/brazilinfo/250-tijuca.html,ריו דה ז'נרו - יער טיז´וקה - היער האורבאני הגדול בעולם - בני קליין,ברזיל,כתבה/מדריך,מהותי,
מוצילר,https://www.muchiler.co.il/argentina/arg/548-argentinatips.html,"ריכוז טיפים - בואנוס איירס, ברילוצ'ה, אל קלפטה, צ'לטן, אושואיה, סלטה ואיגואסו - מאת אמיר פרידמן",ארגנטינה,כתבה/מדריך,מהותי,
מוצילר,https://www.muchiler.co.il/trom/348-drivingpermit.html,רשיון נהיגה בינלאומי - כל הפרטים והתשובות,trom,כתבה/מדריך,מהותי,
מוצילר,https://www.muchiler.co.il/trom/572-checklist.html,"רשימת א-ב לטיול הגדול - הכנות, קניות וסידורים",trom,כתבה/מדריך,מהותי,
מוצילר,https://www.muchiler.co.il/trom/131-cellular.html,תקשורת סים איסים eSim בינלאומי או מקומי,trom,כתבה/מדריך,מהותי,
מוצילר,https://www.muchiler.co.il/argentina/arg/327-el-chalten.html,אל צאלטן - מידע כללי | טרקים | טיולים | מזג אוויר,ארגנטינה,מדריך יעד/עיר,מהותי,
מוצילר,https://www.muchiler.co.il/argentina/arg/329-elcalafate.html,"אל קלפטה - מידע, אטרקציות ומזג אוויר",ארגנטינה,מדריך יעד/עיר,מהותי,
מוצילר,https://www.muchiler.co.il/peru/peruinfo/202-arequipa.html,"ארקיפה - מידע על העיר, אטרקציות ומזג אוויר",פרו,מדריך יעד/עיר,מהותי,
מוצילר,https://www.muchiler.co.il/argentina/arg/320-aroundbariloche.html,"ברילוצ'ה - סיורים, טיולים ודרכי הגעה - גילי חסקין",ארגנטינה,מדריך יעד/עיר,מהותי,
מוצילר,https://www.muchiler.co.il/peru/peruinfo/157-huaraz.html,"הווארז (ואראס) - מידע על העיר, מזג אוויר, טרקים ואטרקציות",פרו,מדריך יעד/עיר,מהותי,
מוצילר,https://www.muchiler.co.il/peru/perutreks/282-ausangate.html,"טרק האזנגטה - הסבר מקיף, מסלולים שונים ורמות הקושי",פרו,מדריך יעד/עיר,מהותי,
מוצילר,https://www.muchiler.co.il/peru/perutreks/400-jausangate.html,טרק האזנגטה - סיפור דרך - אורעד רוקח,פרו,מדריך יעד/עיר,מהותי,
מוצילר,https://www.muchiler.co.il/peru/perutreks/494-incatrail.html,טרק האינקה טרייל - הדרך הרשמית לאתר המאצו פיצו - סיפור דרך,פרו,מדריך יעד/עיר,מהותי,
מוצילר,https://www.muchiler.co.il/peru/perutreks/303-alpamayo.html,טרק האלפמיו - 3 מסלולים מ 7-11 יום ברמה קשה,פרו,מדריך יעד/עיר,מהותי,
מוצילר,https://www.muchiler.co.il/peru/perutreks/269-alpamayo.html,טרק האלפמיו - סיפור דרך בהוואראז - עודד אורטל,פרו,מדריך יעד/עיר,מהותי,
מוצילר,https://www.muchiler.co.il/peru/perutreks/307-huayhuashtrek.html,"טרק הוואי וואש - 8 ימים - מסלול, מפה ומזג אוויר",פרו,מדריך יעד/עיר,מהותי,
מוצילר,https://www.muchiler.co.il/peru/perutreks/158-waiwash.html,טרק הוואי וואש - סיפור דרך - עמית מורלי,פרו,מדריך יעד/עיר,מהותי,
מוצילר,https://www.muchiler.co.il/peru/perutreks/271-salkantay.html,טרק הסלקנטאי - 5-4 ימים | מסלול וסיפור דרך למאצ’ו פיצ’ו,פרו,מדריך יעד/עיר,מהותי,
מוצילר,https://www.muchiler.co.il/peru/perutreks/272-colca.html,טרק הקולקה קניון - סיפור דרך - דניאל וינקלר,פרו,מדריך יעד/עיר,מהותי,
מוצילר,https://www.muchiler.co.il/brazil/carnival/carnivalhostels/apartmentssalvador.html,מוצ'ילר - לינה הוסטלים מלונות סלבדור קרנבל ברזיל,ברזיל,מדריך יעד/עיר,מהותי,
מוצילר,https://www.muchiler.co.il/brazil/carnival/carnivalhostels/apartmentsfloripa.html,מוצ'ילר - לינה הוסטלים מלונות פלוריאנפוליס / פלוריפה קרנבל ברזיל,ברזיל,מדריך יעד/עיר,מהותי,
מוצילר,https://www.muchiler.co.il/brazil/carnival/carnivalhostels/apartmentsrio.html,מוצ'ילר - לינה הוסטלים מלונות ריו קרנבל ברזיל,ברזיל,מדריך יעד/עיר,מהותי,
מוצילר,https://www.muchiler.co.il/peru/peruinfo/113-peruweather.html,"מזג אוויר בפרו - עונות והבדלים | חופים, הרים וג'ונגלים | טרקים בעונה הגשומה",פרו,מדריך יעד/עיר,מהותי,
מוצילר,https://www.muchiler.co.il/argentina/arg/333-mendoza.html,"מנדוסה - מידע, אטרקציות ומזג אוויר",ארגנטינה,מדריך יעד/עיר,מהותי,
מוצילר,https://www.muchiler.co.il/bolivia/boliviainfo/409-sucreatractions.html,"סוקרה - אטרקציות, קניות, טרק הדינוזאורים וקרנבל הבתולה",בוליביה,מדריך יעד/עיר,מהותי,
מוצילר,https://www.muchiler.co.il/argentina/arg/510-antarctica.html,סיפור דרך - אנטרקטיקה | סוף העולם - שמעון בניסטי,ארגנטינה,מדריך יעד/עיר,מהותי,
מוצילר,https://www.muchiler.co.il/chile/chl/468-puychill.html,סיפור דרך - טרק הפוייאואה | אוסורנו - אורעד רוקח,צ׳ילה,מדריך יעד/עיר,מהותי,
מוצילר,https://www.muchiler.co.il/chile/chl/298-antuco.html,"סיפור דרך - טרק הר הגעש ""אנטוקו"" בלגונה דה לה לחה - רועי גמר",צ׳ילה,מדריך יעד/עיר,מהותי,
מוצילר,https://www.muchiler.co.il/bolivia/boliviainfo/289-churotrek.html,"סיפור דרך - פוטוסי, לה פז וטרק הצ'ורו - נטע הכהן",בוליביה,מדריך יעד/עיר,מהותי,
מוצילר,https://www.muchiler.co.il/argentina/arg/335-rosario.html,"רוסאריו - מידע, אטרקציות ומזג אוויר",ארגנטינה,מדריך יעד/עיר,מהותי,
מוצילר,https://www.muchiler.co.il/uruguay/uruguay.html,"אורוגוואי - מפה, מסלולים, מזג אוויר, פירוט ערים ואטרקציות | מוצ'ילר | דרום ומרכז אמריקה",אורוגוואי,מדריך מדינה,מהותי,
מוצילר,https://www.muchiler.co.il/ecuador/ecuador.html,"אקוודור - מפה, מסלולים, מזג אוויר, פירוט ערים ואטרקציות | מוצ'ילר | דרום ומרכז אמריקה",אקוודור,מדריך מדינה,מהותי,
מוצילר,https://www.muchiler.co.il/argentina/argentinamain.html,"ארגנטינה - מפה, מסלולים, מזג אוויר, פירוט ערים ואטרקציות | מוצ'ילר | דרום ומרכז אמריקה",ארגנטינה,מדריך מדינה,מהותי,
מוצילר,https://www.muchiler.co.il/bolivia/boliviamain.html,"בוליביה - מפה, מסלולים, מזג אוויר, פירוט ערים ואטרקציות | מוצ'ילר | דרום ומרכז אמריקה",בוליביה,מדריך מדינה,מהותי,
מוצילר,https://www.muchiler.co.il/brazil/brazil.html,"ברזיל - מפה, מסלולים, מזג אוויר, פירוט ערים ואטרקציות | מוצ'ילר | דרום ומרכז אמריקה",ברזיל,מדריך מדינה,מהותי,
מוצילר,https://www.muchiler.co.il/panama/panamamain.html,"פנמה - מפה, מסלולים, מזג אוויר, פירוט ערים ואטרקציות | מוצ'ילר | דרום ומרכז אמריקה",פנמה,מדריך מדינה,מהותי,
מוצילר,https://www.muchiler.co.il/extra/paraguay.html,"פרגוואי - מפה, מסלולים, מזג אוויר, פירוט ערים ואטרקציות | מוצ'ילר | דרום ומרכז אמריקה",extra,מדריך מדינה,מהותי,
מוצילר,https://www.muchiler.co.il/peru/perumain.html,"פרו - מפה, מסלולים, מזג אוויר, פירוט ערים ואטרקציות | מוצ'ילר | דרום ומרכז אמריקה",פרו,מדריך מדינה,מהותי,
מוצילר,https://www.muchiler.co.il/chile/chilemain.html,"צילה - מפה, מסלולים, מזג אוויר, פירוט ערים ואטרקציות | מוצ'ילר | דרום ומרכז אמריקה",צ׳ילה,מדריך מדינה,מהותי,
מוצילר,https://www.muchiler.co.il/colombia/colombia.html,"קולומביה - מפה, מסלולים, מזג אוויר, פירוט ערים ואטרקציות | מוצ'ילר | דרום ומרכז אמריקה",קולומביה,מדריך מדינה,מהותי,
מוצילר,https://www.muchiler.co.il/general/546-tisot.html,אושואיה - טרק השיניים של נווארינו | נברינו | נוורינו | מסלול 6-4 ימים,general,מסלולים,מהותי,
מוצילר,https://www.muchiler.co.il/treks/412-bestattractions.html,"עשרת האטרקציות המומלצות בדרום אמריקה - טרקים, מקומות חובה, מסלולים",treks,מסלולים,מהותי,
מוצילר,https://www.muchiler.co.il/chile/chl/223-carterachil.html,קרטרה אוסטרל | קארטרה אוסטרל בטרמפים - מסלול ב 8 ימים - סיפור דרך,צ׳ילה,מסלולים,מהותי,
מוצילר,https://www.muchiler.co.il/brazil/brazilinfo/218-brazilrec.html,קרטרה אוסטרל | קארטרה אוסטרל ברכב - מסלול 12 ימים - סיפור דרך,ברזיל,מסלולים,מהותי,
מוצילר,https://www.muchiler.co.il/chile/chl/469-chilelakes.html,קרטרה אוסטרל | קארטרה אוסטרל ברכב - מסלול 9 ימים - סיפור דרך,צ׳ילה,מסלולים,מהותי,
מוצילר,https://www.muchiler.co.il/chile/chl/292-carreteraaustral.html,קרטרה אוסטרל | קארטרה אוסטרל ברכב - מסלול וטרק הטרוורס - סיפור דרך,צ׳ילה,מסלולים,מהותי,
מוצילר,https://www.muchiler.co.il/satlan/111-travelguide.html,תכנון זמן ומסלול - ומסלול מומלץ לסטלנים ובליינים,satlan,מסלולים,מהותי,
מוצילר,https://www.muchiler.co.il/trom/140-travelguide.html,"תכנון מסלול ומזג האוויר לדרום ומרכז אמריקה - עונות, גלים וטיול בעונה הגשומה",trom,מסלולים,מהותי,
מוצילר,https://www.muchiler.co.il/treks/297-urugway.html,סיפור דרך - בין חופים לסוסים באורוגוואי - שרון ועידן,treks,סיפורי דרך,מהותי,
מוצילר,https://www.muchiler.co.il/bolivia/boliviainfo/216-huayna.html,"סיפור דרך - וואינה פוטוסי, הר בגובה 6088 מטר - רועי כהן",בוליביה,סיפורי דרך,מהותי,
מוצילר,https://www.muchiler.co.il/argentina/arg/507-aconcagua.html,"סיפור דרך - טיפוס על הר אקונגואה, ההר הגבוה ביבשת - אמיר מיטלמן",ארגנטינה,סיפורי דרך,מהותי,
מוצילר,https://www.muchiler.co.il/brazil/brazilinfo/284-brazilia.html,סיפור דרך - מברזיליה אל מפלי האיגואסו וריו - מיקי אלטמן,ברזיל,סיפורי דרך,מהותי,
מוצילר,https://www.muchiler.co.il/brazil/brazilinfo/288-brazilcoast2coast.html,סיפור דרך - מסע מחוף לחוף - נטי גרינוולד,ברזיל,סיפורי דרך,מהותי,
מוצילר,https://www.muchiler.co.il/bolivia/boliviainfo/204-salar.html,סיפור דרך - סלאר דה אויוני - שמעון בניסטי,בוליביה,סיפורי דרך,מהותי,
מוצילר,https://www.muchiler.co.il/bolivia/boliviainfo/249-samaipata.html,"סיפור דרך - סמאיפטה, קוצ'במבה ושקרים בוליביאנים קטנים - אורית נאמן",בוליביה,סיפורי דרך,מהותי,
מוצילר,https://www.muchiler.co.il/chile/chl/293-pucon.html,"סיפור דרך - פוקון, טיול להר הגעש ויאריקה ושבט המפוצ'ה - נתי גרינוולד",צ׳ילה,סיפורי דרך,מהותי,
מוצילר,https://www.muchiler.co.il/bolivia/boliviainfo/295-rorapampas.html,סיפור דרך - רורנבקה והפאמפס - עידן ושרון,בוליביה,סיפורי דרך,מהותי,
מוצילר,https://www.muchiler.co.il/brazil/brazilinfo/285-braziltour.html,"סיפור דרך - ריו דה ז'נרו, מנאוס, אמזונס והאיגואסו - יובל א",ברזיל,סיפורי דרך,מהותי,
מוצילר,https://www.muchiler.co.il/extra/venezuela.html,ונצואלה - מידע כללי | מזג אוויר | מוצ'ילר | דרום ומרכז אמריקה,extra,עונות ומזג אוויר,מהותי,
מוצילר,https://www.muchiler.co.il/peru/peruinfo/234-mancora.html,מנקורה ופיורה - מידע כללי ומזג אוויר,פרו,עונות ומזג אוויר,מהותי,
מוצילר,https://www.muchiler.co.il/argentina/arg/332-sanmartin.html,"סן מרטין דה לוס אנדס - סקי, פארק הלאומי לנין ומזג אוויר",ארגנטינה,עונות ומזג אוויר,מהותי,
מוצילר,https://www.muchiler.co.il/equipment/124-clothing.html,ביגוד והנעלה למטייל בדרום אמריקה,equipment,ציוד,מהותי,
מוצילר,https://www.muchiler.co.il/equipment/413-campcooking.html,"בנזינייה, גזיה או כהלייה - מה לקחת לטיול",equipment,ציוד,מהותי,
מוצילר,https://www.muchiler.co.il/satlan/110-travelguide.html,הכנות לטיול ורשימת ציוד אולטימטיבית,satlan,ציוד,מהותי,
מוצילר,https://www.muchiler.co.il/trom/569-safety2.html,כללי בטיחות | מונית בטוחה | איך לשמור על הכסף והציוד,trom,ציוד,מהותי,
מוצילר,https://www.muchiler.co.il/equipment/435-rent.html,מדריך השכרת ציוד לטרקים בדרום אמריקה,equipment,ציוד,מהותי,
מוצילר,https://www.muchiler.co.il/equipment/351-tent.html,מדריך לבחירת אוהל לדרום אמריקה,equipment,ציוד,מהותי,
מוצילר,https://www.muchiler.co.il/equipment/350-shoes.html,מדריך לבחירת נעלי טרקים לדרום אמריקה,equipment,ציוד,מהותי,
מוצילר,https://www.muchiler.co.il/equipment/134-travelequipment2.html,"מדריך ציוד לטרקים - אוהל, שקש, מוצילה וציוד נלווה",equipment,ציוד,מהותי,
מוצילר,https://www.muchiler.co.il/equipment/436-sleepingbag.html,מדריך שק שינה לטיול בדרום ומרכז אמריקה,equipment,ציוד,מהותי,
מוצילר,https://www.muchiler.co.il/equipment/135-travelequipment.html,"ציוד מומלץ, מסמכים ותרופות - מדריך עם הסברים",equipment,ציוד,מהותי,
מוצילר,https://www.muchiler.co.il/equipment.html,רשימות ציוד לטיול - דרום ומרכז אמריקה,equipment,ציוד,מהותי,
מוצילר,https://www.muchiler.co.il/equipment/571-girls.html,רשימת ציוד למין הנשי לדרום ומרכז אמריקה,equipment,ציוד,מהותי,
מוצילר,https://www.muchiler.co.il/equipment/364-generalequipment.html,רשימת ציוד שלמה לטיול בדרום אמריקה,equipment,ציוד,מהותי,
מוצילר,https://www.muchiler.co.il/trom/364-generalequipment.html,רשימת ציוד שלמה לטיול בדרום אמריקה,trom,ציוד,מהותי,
מוצילר,https://www.muchiler.co.il/insurance.html,"השוואת ביטוח נסיעות חו""ל | דרום אמריקה | מרכז אמריקה | מזרח הרחוק",insurance,ביטוח,שירותי,
מוצילר,https://www.muchiler.co.il/proffesor/chabad/item/baityehudi-huaraz.html,מדור בתי חבד וערבי חג - מוצ'ילר דרום ומרכז אמריקה,proffesor,בתי חב״ד,שירותי,huaraz
מוצילר,https://www.muchiler.co.il/proffesor/chabad/item/chabad-ant.html,מדור בתי חבד וערבי חג - מוצ'ילר דרום ומרכז אמריקה,proffesor,בתי חב״ד,שירותי,an
מוצילר,https://www.muchiler.co.il/proffesor/chabad.html,מדור בתי חבד וערבי חג - מוצ'ילר דרום ומרכז אמריקה,proffesor,בתי חב״ד,שירותי,
מוצילר,https://www.muchiler.co.il/proffesor/chabad/item/chabad-bariloche.html,מדור בתי חבד וערבי חג - מוצ'ילר דרום ומרכז אמריקה,proffesor,בתי חב״ד,שירותי,bariloche
מוצילר,https://www.muchiler.co.il/proffesor/chabad/item/chabad-belize.html,מדור בתי חבד וערבי חג - מוצ'ילר דרום ומרכז אמריקה,proffesor,בתי חב״ד,שירותי,belize
מוצילר,https://www.muchiler.co.il/proffesor/chabad/item/chabad-bocas.html,מדור בתי חבד וערבי חג - מוצ'ילר דרום ומרכז אמריקה,proffesor,בתי חב״ד,שירותי,bocas
מוצילר,https://www.muchiler.co.il/proffesor/chabad/item/chabad-bogota.html,מדור בתי חבד וערבי חג - מוצ'ילר דרום ומרכז אמריקה,proffesor,בתי חב״ד,שירותי,bogota
מוצילר,https://www.muchiler.co.il/proffesor/chabad/item/chabad-buenos.html,מדור בתי חבד וערבי חג - מוצ'ילר דרום ומרכז אמריקה,proffesor,בתי חב״ד,שירותי,buenos
מוצילר,https://www.muchiler.co.il/proffesor/chabad/item/chabad-cozumel.html,מדור בתי חבד וערבי חג - מוצ'ילר דרום ומרכז אמריקה,proffesor,בתי חב״ד,שירותי,cozume
מוצילר,https://www.muchiler.co.il/proffesor/chabad/item/chabad-cartagena.html,מדור בתי חבד וערבי חג - מוצ'ילר דרום ומרכז אמריקה,proffesor,בתי חב״ד,שירותי,cartagena
מוצילר,https://www.muchiler.co.il/proffesor/chabad/item/chabad-cancun.html,מדור בתי חבד וערבי חג - מוצ'ילר דרום ומרכז אמריקה,proffesor,בתי חב״ד,שירותי,cancun
מוצילר,https://www.muchiler.co.il/proffesor/chabad/item/chabad-cordoba.html,מדור בתי חבד וערבי חג - מוצ'ילר דרום ומרכז אמריקה,proffesor,בתי חב״ד,שירותי,cordoba
מוצילר,https://www.muchiler.co.il/proffesor/chabad/item/chabad-cristobal.html,מדור בתי חבד וערבי חג - מוצ'ילר דרום ומרכז אמריקה,proffesor,בתי חב״ד,שירותי,cristoba
מוצילר,https://www.muchiler.co.il/proffesor/chabad/item/chabad-cusco.html,מדור בתי חבד וערבי חג - מוצ'ילר דרום ומרכז אמריקה,proffesor,בתי חב״ד,שירותי,cusco
מוצילר,https://www.muchiler.co.il/proffesor/chabad/item/chabad-guayaquil.html,מדור בתי חבד וערבי חג - מוצ'ילר דרום ומרכז אמריקה,proffesor,בתי חב״ד,שירותי,guayaqui
מוצילר,https://www.muchiler.co.il/proffesor/chabad/item/chabad-isla.html,מדור בתי חבד וערבי חג - מוצ'ילר דרום ומרכז אמריקה,proffesor,בתי חב״ד,שירותי,isla
מוצילר,https://www.muchiler.co.il/proffesor/chabad/item/chabad-juansur.html,מדור בתי חבד וערבי חג - מוצ'ילר דרום ומרכז אמריקה,proffesor,בתי חב״ד,שירותי,juansur
מוצילר,https://www.muchiler.co.il/proffesor/chabad/item/chabad-mendoza.html,מדור בתי חבד וערבי חג - מוצ'ילר דרום ומרכז אמריקה,proffesor,בתי חב״ד,שירותי,mendoza
מוצילר,https://www.muchiler.co.il/proffesor/chabad/item/chabad-medellin.html,מדור בתי חבד וערבי חג - מוצ'ילר דרום ומרכז אמריקה,proffesor,בתי חב״ד,שירותי,medellin
מוצילר,https://www.muchiler.co.il/proffesor/chabad/item/chabad-lapaz.html,מדור בתי חבד וערבי חג - מוצ'ילר דרום ומרכז אמריקה,proffesor,בתי חב״ד,שירותי,lapaz
מוצילר,https://www.muchiler.co.il/proffesor/chabad/item/chabad-morro.html,מדור בתי חבד וערבי חג - מוצ'ילר דרום ומרכז אמריקה,proffesor,בתי חב״ד,שירותי,morro
מוצילר,https://www.muchiler.co.il/proffesor/chabad/item/chabad-montevideo.html,מדור בתי חבד וערבי חג - מוצ'ילר דרום ומרכז אמריקה,proffesor,בתי חב״ד,שירותי,montevideo
מוצילר,https://www.muchiler.co.il/proffesor/chabad/item/chabad-panama.html,מדור בתי חבד וערבי חג - מוצ'ילר דרום ומרכז אמריקה,proffesor,בתי חב״ד,שירותי,panama
מוצילר,https://www.muchiler.co.il/proffesor/chabad/item/chabad-panama2.html,מדור בתי חבד וערבי חג - מוצ'ילר דרום ומרכז אמריקה,proffesor,בתי חב״ד,שירותי,panama2
מוצילר,https://www.muchiler.co.il/proffesor/chabad/item/chabad-playa.html,מדור בתי חבד וערבי חג - מוצ'ילר דרום ומרכז אמריקה,proffesor,בתי חב״ד,שירותי,playa
מוצילר,https://www.muchiler.co.il/proffesor/chabad/item/chabad-pucon.html,מדור בתי חבד וערבי חג - מוצ'ילר דרום ומרכז אמריקה,proffesor,בתי חב״ד,שירותי,pucon
מוצילר,https://www.muchiler.co.il/proffesor/chabad/item/chabad-quito.html,מדור בתי חבד וערבי חג - מוצ'ילר דרום ומרכז אמריקה,proffesor,בתי חב״ד,שירותי,quito
מוצילר,https://www.muchiler.co.il/proffesor/chabad/item/chabad-rio.html,מדור בתי חבד וערבי חג - מוצ'ילר דרום ומרכז אמריקה,proffesor,בתי חב״ד,שירותי,rio
מוצילר,https://www.muchiler.co.il/proffesor/chabad/item/chabad-rosario.html,מדור בתי חבד וערבי חג - מוצ'ילר דרום ומרכז אמריקה,proffesor,בתי חב״ד,שירותי,rosario
מוצילר,https://www.muchiler.co.il/proffesor/chabad/item/chabad-salta.html,מדור בתי חבד וערבי חג - מוצ'ילר דרום ומרכז אמריקה,proffesor,בתי חב״ד,שירותי,salta
מוצילר,https://www.muchiler.co.il/proffesor/chabad/item/chabad-sanpedro.html,מדור בתי חבד וערבי חג - מוצ'ילר דרום ומרכז אמריקה,proffesor,בתי חב״ד,שירותי,sanpedro
מוצילר,https://www.muchiler.co.il/proffesor/chabad/item/chabad-salvador.html,מדור בתי חבד וערבי חג - מוצ'ילר דרום ומרכז אמריקה,proffesor,בתי חב״ד,שירותי,salvador
מוצילר,https://www.muchiler.co.il/proffesor/chabad/item/chabad-saopaulo.html,מדור בתי חבד וערבי חג - מוצ'ילר דרום ומרכז אמריקה,proffesor,בתי חב״ד,שירותי,saopaulo
מוצילר,https://www.muchiler.co.il/proffesor/chabad/item/chabad-santiago.html,מדור בתי חבד וערבי חג - מוצ'ילר דרום ומרכז אמריקה,proffesor,בתי חב״ד,שירותי,santiago
מוצילר,https://www.muchiler.co.il/proffesor/chabad/item/chabad-tucuman.html,מדור בתי חבד וערבי חג - מוצ'ילר דרום ומרכז אמריקה,proffesor,בתי חב״ד,שירותי,tucuman
מוצילר,https://www.muchiler.co.il/proffesor/chabad/item/chabad-lima.html,מדור בתי חבד וערבי חג - מוצ'ילר דרום ומרכז אמריקה,proffesor,בתי חב״ד,שירותי,lima
מוצילר,https://www.muchiler.co.il/chile/chl/322-sanrafael.html,אוטובוסים ומעברים בארגנטינה - מעבר בין ערים | מעברי גבול,צ׳ילה,הגעה ותחבורה,שירותי,
מוצילר,https://www.muchiler.co.il/chile/chl/247-patroute.html,אוטובוסים ומעברים בבוליביה - מעבר בין ערים | מעברי גבול,צ׳ילה,הגעה ותחבורה,שירותי,
מוצילר,https://www.muchiler.co.il/brazil/brazilinfo/275-riodejwalk.html,אוטובוסים ומעברים בדרום אמריקה | מרכז אמריקה | הזמנה אונליין | מוציבאס,ברזיל,הגעה ותחבורה,שירותי,
מוצילר,https://www.muchiler.co.il/peru/peruinfo/365-transportaion.html,אוטובוסים ומעברים בפרו - מעבר בין ערים | מעברי גבול,פרו,הגעה ותחבורה,שירותי,
מוצילר,https://www.muchiler.co.il/general/545-zezol.html,"הבית באוויר - דרכי הגעה ממדגין, אטרקציות ולינה",general,הגעה ותחבורה,שירותי,
מוצילר,https://www.muchiler.co.il/,מוצילר | מוציקארד | דרום אמריקה | מרכז אמריקה - מידע למטייל,(דף הבית),מוצר מסחרי,שירותי,
מוצילר,https://www.muchiler.co.il/muchicard-ca/central.html,מוציקארד | בליז | הונדורס | אל סלבדור | דרום אמריקה | מרכז אמריקה,muchicard-ca,מוצר מסחרי,שירותי,
מוצילר,https://www.muchiler.co.il/muchicard-amana.html,מוציקארד | מועדון ההנחות | אמנת המטיילים | דרום אמריקה | מרכז אמריקה,muchicard-amana,מוצר מסחרי,שירותי,
מוצילר,https://www.muchiler.co.il/muchicard-sa/uruguay.html,מוציקארד | מועדון ההנחות | הנחות באורוגוואי | דרום אמריקה | מרכז אמריקה,muchicard-sa,מוצר מסחרי,שירותי,
מוצילר,https://www.muchiler.co.il/muchicard-sa/ecuador.html,מוציקארד | מועדון ההנחות | הנחות באקוודור | דרום אמריקה | מרכז אמריקה,muchicard-sa,מוצר מסחרי,שירותי,
מוצילר,https://www.muchiler.co.il/muchicard-sa/argentina.html,מוציקארד | מועדון ההנחות | הנחות בארגנטינה | דרום אמריקה | מרכז אמריקה,muchicard-sa,מוצר מסחרי,שירותי,
מוצילר,https://www.muchiler.co.il/muchicard-sa/bolivia.html,מוציקארד | מועדון ההנחות | הנחות בבוליביה | דרום אמריקה | מרכז אמריקה,muchicard-sa,מוצר מסחרי,שירותי,
מוצילר,https://www.muchiler.co.il/muchicard-sa/brazil.html,מוציקארד | מועדון ההנחות | הנחות בברזיל | דרום אמריקה | מרכז אמריקה,muchicard-sa,מוצר מסחרי,שירותי,
מוצילר,https://www.muchiler.co.il/muchicard-ca/mexico.html,מוציקארד | מועדון ההנחות | הנחות במקסיקו | דרום אמריקה | מרכז אמריקה,muchicard-ca,מוצר מסחרי,שירותי,
מוצילר,https://www.muchiler.co.il/muchicard-sa/peru.html,מוציקארד | מועדון ההנחות | הנחות בפרו | דרום אמריקה | מרכז אמריקה,muchicard-sa,מוצר מסחרי,שירותי,
מוצילר,https://www.muchiler.co.il/muchicard-sa/chile.html,מוציקארד | מועדון ההנחות | הנחות בצילה | דרום אמריקה | מרכז אמריקה,muchicard-sa,מוצר מסחרי,שירותי,
מוצילר,https://www.muchiler.co.il/muchicard-sa/colombia.html,מוציקארד | מועדון ההנחות | הנחות בקולומביה | דרום אמריקה | מרכז אמריקה,muchicard-sa,מוצר מסחרי,שירותי,
מוצילר,https://www.muchiler.co.il/muchicard-ca/costarica.html,מוציקארד | מועדון ההנחות | הנחות בקוסטה ריקה | דרום אמריקה | מרכז אמריקה,muchicard-ca,מוצר מסחרי,שירותי,
מוצילר,https://www.muchiler.co.il/muchicard-signup.html,מוציקארד | מועדון ההנחות | הרשמה למועדון | דרום אמריקה | מרכז אמריקה,muchicard-signup,מוצר מסחרי,שירותי,
מוצילר,https://www.muchiler.co.il/muchicard-qa.html,מוציקארד | מועדון ההנחות | כללים והנחיות | דרום אמריקה | מרכז אמריקה,muchicard-qa,מוצר מסחרי,שירותי,
מוצילר,https://www.muchiler.co.il/muchicard-save.html,מוציקארד | מועדון ההנחות | כמה חוסכים והמלצות | דרום אמריקה | מרכז אמריקה,muchicard-save,מוצר מסחרי,שירותי,
מוצילר,https://www.muchiler.co.il/muchicard-ca/travel.html,מוציקארד | מועדון ההנחות | סוכני נסיעות ביבשת | דרום אמריקה | מרכז אמריקה,muchicard-ca,מוצר מסחרי,שירותי,
מוצילר,https://www.muchiler.co.il/muchicard-sa/travel.html,מוציקארד | מועדון ההנחות | סוכני נסיעות ביבשת | דרום אמריקה | מרכז אמריקה,muchicard-sa,מוצר מסחרי,שירותי,
מוצילר,https://www.muchiler.co.il/muchicard-il/travel.html,מוציקארד | מועדון ההנחות | סוכני נסיעות וטיסות בישראל | דרום אמריקה | מרכז אמריקה,muchicard-il,מוצר מסחרי,שירותי,
מוצילר,https://www.muchiler.co.il/muchicard-il/equipment.html,מוציקארד | מועדון ההנחות | ציוד מטיילים בישראל | דרום אמריקה | מרכז אמריקה,muchicard-il,מוצר מסחרי,שירותי,
מוצילר,https://www.muchiler.co.il/muchicard.html,מוציקארד | מועדון ההנחות של מוצילר | דרום אמריקה | מרכז אמריקה,muchicard,מוצר מסחרי,שירותי,
מוצילר,https://www.muchiler.co.il/general/136-videoispanish.html,ספרדית - לימוד השפה וקורסים בחינם,general,סוכנויות ושירותים,שירותי,
מוצילר,https://www.muchiler.co.il/proffesor/chabad/item/baityehudi-ushuaia.html,500 - שגיאה: 500,proffesor,שגיאה,שירותי,ushuaia
מוצילר,https://www.muchiler.co.il/proffesor/chabad/item/chabad-machu.html,500 - שגיאה: 500,proffesor,שגיאה,שירותי,machu
